north-carolina-tar-heels-at-tcu-horned-frogs-week-1,north-carolina-tar-heels,total_yards,342.000000
north-carolina-tar-heels-at-tcu-horned-frogs-week-1,north-carolina-tar-heels,yards_per_play,6.500000
north-carolina-tar-heels-at-tcu-horned-frogs-week-1,north-carolina-tar-heels,redzone_touchdowns,1.000000
north-carolina-tar-heels-at-tcu-horned-frogs-week-1,north-carolina-tar-heels,redzone_attempts,1.000000
north-carolina-tar-heels-at-tcu-horned-frogs-week-1,north-carolina-tar-heels,seconds_of_possession,1472.000000
north-carolina-tar-heels-at-tcu-horned-frogs-week-1,north-carolina-tar-heels,total_drives,11.000000
north-carolina-tar-heels-at-tcu-horned-frogs-week-1,north-carolina-tar-heels,total_plays,53.000000
north-carolina-tar-heels-at-tcu-horned-frogs-week-1,north-carolina-tar-heels,total_passing_yards,232.000000
north-carolina-tar-heels-at-tcu-horned-frogs-week-1,north-carolina-tar-heels,passing_completions,19.000000
north-carolina-tar-heels-at-tcu-horned-frogs-week-1,north-carolina-tar-heels,passing_attempts,32.000000
north-carolina-tar-heels-at-tcu-horned-frogs-week-1,north-carolina-tar-heels,yards_per_pass,7.200000
north-carolina-tar-heels-at-tcu-horned-frogs-week-1,north-carolina-tar-heels,passing_touchdowns,1.000000
north-carolina-tar-heels-at-tcu-horned-frogs-week-1,north-carolina-tar-heels,rushing_touchdowns,2.000000
north-carolina-tar-heels-at-tcu-horned-frogs-week-1,north-carolina-tar-heels,total_rushing_yards,110.000000
north-carolina-tar-heels-at-tcu-horned-frogs-week-1,north-carolina-tar-heels,rushing_attempts,21.000000
north-carolina-tar-heels-at-tcu-horned-frogs-week-1,north-carolina-tar-heels,yards_per_rush,5.200000
north-carolina-tar-heels-at-tcu-horned-frogs-week-1,north-carolina-tar-heels,sacks,3.000000
north-carolina-tar-heels-at-tcu-horned-frogs-week-1,north-carolina-tar-heels,tackles_for_loss,5.000000
north-carolina-tar-heels-at-tcu-horned-frogs-week-1,north-carolina-tar-heels,pass_deflections,0.000000
north-carolina-tar-heels-at-tcu-horned-frogs-week-1,north-carolina-tar-heels,total_turnovers,1.000000
north-carolina-tar-heels-at-tcu-horned-frogs-week-1,north-carolina-tar-heels,fumbles_lost,0.000000
north-carolina-tar-heels-at-tcu-horned-frogs-week-1,north-carolina-tar-heels,interceptions,1.000000
north-carolina-tar-heels-at-tcu-horned-frogs-week-1,north-carolina-tar-heels,total_passing_yards,186.000000
north-carolina-tar-heels-at-tcu-horned-frogs-week-1,north-carolina-tar-heels,passing_completions,16.000000
north-carolina-tar-heels-at-tcu-horned-frogs-week-1,north-carolina-tar-heels,passing_attempts,27.000000
north-carolina-tar-heels-at-tcu-horned-frogs-week-1,north-carolina-tar-heels,yards_per_pass,6.900000
north-carolina-tar-heels-at-tcu-horned-frogs-week-1,north-carolina-tar-heels,passing_touchdowns,0.000000
north-carolina-tar-heels-at-tcu-horned-frogs-week-1,north-carolina-tar-heels,total_rushing_yards,131.000000
north-carolina-tar-heels-at-tcu-horned-frogs-week-1,north-carolina-tar-heels,rushing_attempts,45.000000
north-carolina-tar-heels-at-tcu-horned-frogs-week-1,north-carolina-tar-heels,yards_per_rush,2.900000
north-carolina-tar-heels-at-tcu-horned-frogs-week-1,north-carolina-tar-heels,rushing_touchdowns,2.000000
north-carolina-tar-heels-at-tcu-horned-frogs-week-1,north-carolina-tar-heels,tackles_for_loss,1.000000
north-carolina-tar-heels-at-tcu-horned-frogs-week-1,north-carolina-tar-heels,pass_deflections,1.000000
north-carolina-tar-heels-at-tcu-horned-frogs-week-1,north-carolina-tar-heels,sacks,1.000000
north-carolina-tar-heels-at-tcu-horned-frogs-week-1,north-carolina-tar-heels,total_turnovers,0.000000
north-carolina-tar-heels-at-tcu-horned-frogs-week-1,north-carolina-tar-heels,fumbles_lost,0.000000
north-carolina-tar-heels-at-tcu-horned-frogs-week-1,north-carolina-tar-heels,interceptions,0.000000
north-carolina-tar-heels-at-tcu-horned-frogs-week-1,north-carolina-tar-heels,total_plays,72.000000
north-carolina-tar-heels-at-tcu-horned-frogs-week-1,north-carolina-tar-heels,total_yards,317.000000
north-carolina-tar-heels-at-tcu-horned-frogs-week-1,north-carolina-tar-heels,yards_per_play,4.400000
north-carolina-tar-heels-at-tcu-horned-frogs-week-1,north-carolina-tar-heels,redzone_touchdowns,4.000000
north-carolina-tar-heels-at-tcu-horned-frogs-week-1,north-carolina-tar-heels,redzone_attempts,4.000000
north-carolina-tar-heels-at-tcu-horned-frogs-week-1,north-carolina-tar-heels,seconds_of_possession,2128.000000
north-carolina-tar-heels-at-tcu-horned-frogs-week-1,north-carolina-tar-heels,total_drives,11.000000
hawaii-rainbow-warriors-at-stanford-cardinal-week-1,hawaii-rainbow-warriors,fumbles_lost,0.000000
hawaii-rainbow-warriors-at-stanford-cardinal-week-1,hawaii-rainbow-warriors,interceptions,1.000000
hawaii-rainbow-warriors-at-stanford-cardinal-week-1,hawaii-rainbow-warriors,total_turnovers,1.000000
hawaii-rainbow-warriors-at-stanford-cardinal-week-1,hawaii-rainbow-warriors,seconds_of_possession,1472.000000
hawaii-rainbow-warriors-at-stanford-cardinal-week-1,hawaii-rainbow-warriors,total_drives,11.000000
hawaii-rainbow-warriors-at-stanford-cardinal-week-1,hawaii-rainbow-warriors,total_plays,53.000000
hawaii-rainbow-warriors-at-stanford-cardinal-week-1,hawaii-rainbow-warriors,total_yards,342.000000
hawaii-rainbow-warriors-at-stanford-cardinal-week-1,hawaii-rainbow-warriors,yards_per_play,6.500000
hawaii-rainbow-warriors-at-stanford-cardinal-week-1,hawaii-rainbow-warriors,redzone_touchdowns,1.000000
hawaii-rainbow-warriors-at-stanford-cardinal-week-1,hawaii-rainbow-warriors,redzone_attempts,1.000000
hawaii-rainbow-warriors-at-stanford-cardinal-week-1,hawaii-rainbow-warriors,yards_per_pass,7.200000
hawaii-rainbow-warriors-at-stanford-cardinal-week-1,hawaii-rainbow-warriors,passing_touchdowns,1.000000
hawaii-rainbow-warriors-at-stanford-cardinal-week-1,hawaii-rainbow-warriors,total_passing_yards,232.000000
hawaii-rainbow-warriors-at-stanford-cardinal-week-1,hawaii-rainbow-warriors,passing_completions,19.000000
hawaii-rainbow-warriors-at-stanford-cardinal-week-1,hawaii-rainbow-warriors,passing_attempts,32.000000
hawaii-rainbow-warriors-at-stanford-cardinal-week-1,hawaii-rainbow-warriors,total_rushing_yards,110.000000
hawaii-rainbow-warriors-at-stanford-cardinal-week-1,hawaii-rainbow-warriors,rushing_attempts,21.000000
hawaii-rainbow-warriors-at-stanford-cardinal-week-1,hawaii-rainbow-warriors,yards_per_rush,5.200000
hawaii-rainbow-warriors-at-stanford-cardinal-week-1,hawaii-rainbow-warriors,rushing_touchdowns,2.000000
hawaii-rainbow-warriors-at-stanford-cardinal-week-1,hawaii-rainbow-warriors,sacks,3.000000
hawaii-rainbow-warriors-at-stanford-cardinal-week-1,hawaii-rainbow-warriors,tackles_for_loss,5.000000
hawaii-rainbow-warriors-at-stanford-cardinal-week-1,hawaii-rainbow-warriors,pass_deflections,0.000000
hawaii-rainbow-warriors-at-stanford-cardinal-week-1,hawaii-rainbow-warriors,total_turnovers,0.000000
hawaii-rainbow-warriors-at-stanford-cardinal-week-1,hawaii-rainbow-warriors,fumbles_lost,0.000000
hawaii-rainbow-warriors-at-stanford-cardinal-week-1,hawaii-rainbow-warriors,interceptions,0.000000
hawaii-rainbow-warriors-at-stanford-cardinal-week-1,hawaii-rainbow-warriors,seconds_of_possession,2128.000000
hawaii-rainbow-warriors-at-stanford-cardinal-week-1,hawaii-rainbow-warriors,total_drives,11.000000
hawaii-rainbow-warriors-at-stanford-cardinal-week-1,hawaii-rainbow-warriors,total_plays,72.000000
hawaii-rainbow-warriors-at-stanford-cardinal-week-1,hawaii-rainbow-warriors,total_yards,317.000000
hawaii-rainbow-warriors-at-stanford-cardinal-week-1,hawaii-rainbow-warriors,yards_per_play,4.400000
hawaii-rainbow-warriors-at-stanford-cardinal-week-1,hawaii-rainbow-warriors,redzone_touchdowns,4.000000
hawaii-rainbow-warriors-at-stanford-cardinal-week-1,hawaii-rainbow-warriors,redzone_attempts,4.000000
hawaii-rainbow-warriors-at-stanford-cardinal-week-1,hawaii-rainbow-warriors,passing_attempts,27.000000
hawaii-rainbow-warriors-at-stanford-cardinal-week-1,hawaii-rainbow-warriors,yards_per_pass,6.900000
hawaii-rainbow-warriors-at-stanford-cardinal-week-1,hawaii-rainbow-warriors,passing_touchdowns,0.000000
hawaii-rainbow-warriors-at-stanford-cardinal-week-1,hawaii-rainbow-warriors,total_passing_yards,186.000000
hawaii-rainbow-warriors-at-stanford-cardinal-week-1,hawaii-rainbow-warriors,passing_completions,16.000000
hawaii-rainbow-warriors-at-stanford-cardinal-week-1,hawaii-rainbow-warriors,yards_per_rush,2.900000
hawaii-rainbow-warriors-at-stanford-cardinal-week-1,hawaii-rainbow-warriors,rushing_touchdowns,2.000000
hawaii-rainbow-warriors-at-stanford-cardinal-week-1,hawaii-rainbow-warriors,total_rushing_yards,131.000000
hawaii-rainbow-warriors-at-stanford-cardinal-week-1,hawaii-rainbow-warriors,rushing_attempts,45.000000
hawaii-rainbow-warriors-at-stanford-cardinal-week-1,hawaii-rainbow-warriors,tackles_for_loss,1.000000
hawaii-rainbow-warriors-at-stanford-cardinal-week-1,hawaii-rainbow-warriors,pass_deflections,1.000000
hawaii-rainbow-warriors-at-stanford-cardinal-week-1,hawaii-rainbow-warriors,sacks,1.000000
nc-state-wolfpack-at-virginia-cavaliers-week-1,nc-state-wolfpack,redzone_touchdowns,1.000000
nc-state-wolfpack-at-virginia-cavaliers-week-1,nc-state-wolfpack,redzone_attempts,1.000000
nc-state-wolfpack-at-virginia-cavaliers-week-1,nc-state-wolfpack,seconds_of_possession,1472.000000
nc-state-wolfpack-at-virginia-cavaliers-week-1,nc-state-wolfpack,total_drives,11.000000
nc-state-wolfpack-at-virginia-cavaliers-week-1,nc-state-wolfpack,total_plays,53.000000
nc-state-wolfpack-at-virginia-cavaliers-week-1,nc-state-wolfpack,total_yards,342.000000
nc-state-wolfpack-at-virginia-cavaliers-week-1,nc-state-wolfpack,yards_per_play,6.500000
nc-state-wolfpack-at-virginia-cavaliers-week-1,nc-state-wolfpack,passing_attempts,32.000000
nc-state-wolfpack-at-virginia-cavaliers-week-1,nc-state-wolfpack,yards_per_pass,7.200000
nc-state-wolfpack-at-virginia-cavaliers-week-1,nc-state-wolfpack,passing_touchdowns,1.000000
nc-state-wolfpack-at-virginia-cavaliers-week-1,nc-state-wolfpack,total_passing_yards,232.000000
nc-state-wolfpack-at-virginia-cavaliers-week-1,nc-state-wolfpack,passing_completions,19.000000
nc-state-wolfpack-at-virginia-cavaliers-week-1,nc-state-wolfpack,total_rushing_yards,110.000000
nc-state-wolfpack-at-virginia-cavaliers-week-1,nc-state-wolfpack,rushing_attempts,21.000000
nc-state-wolfpack-at-virginia-cavaliers-week-1,nc-state-wolfpack,yards_per_rush,5.200000
nc-state-wolfpack-at-virginia-cavaliers-week-1,nc-state-wolfpack,rushing_touchdowns,2.000000
nc-state-wolfpack-at-virginia-cavaliers-week-1,nc-state-wolfpack,sacks,3.000000
nc-state-wolfpack-at-virginia-cavaliers-week-1,nc-state-wolfpack,tackles_for_loss,5.000000
nc-state-wolfpack-at-virginia-cavaliers-week-1,nc-state-wolfpack,pass_deflections,0.000000
nc-state-wolfpack-at-virginia-cavaliers-week-1,nc-state-wolfpack,interceptions,1.000000
nc-state-wolfpack-at-virginia-cavaliers-week-1,nc-state-wolfpack,total_turnovers,1.000000
nc-state-wolfpack-at-virginia-cavaliers-week-1,nc-state-wolfpack,fumbles_lost,0.000000
nc-state-wolfpack-at-virginia-cavaliers-week-1,nc-state-wolfpack,seconds_of_possession,2128.000000
nc-state-wolfpack-at-virginia-cavaliers-week-1,nc-state-wolfpack,total_drives,11.000000
nc-state-wolfpack-at-virginia-cavaliers-week-1,nc-state-wolfpack,total_plays,72.000000
nc-state-wolfpack-at-virginia-cavaliers-week-1,nc-state-wolfpack,total_yards,317.000000
nc-state-wolfpack-at-virginia-cavaliers-week-1,nc-state-wolfpack,yards_per_play,4.400000
nc-state-wolfpack-at-virginia-cavaliers-week-1,nc-state-wolfpack,redzone_touchdowns,4.000000
nc-state-wolfpack-at-virginia-cavaliers-week-1,nc-state-wolfpack,redzone_attempts,4.000000
nc-state-wolfpack-at-virginia-cavaliers-week-1,nc-state-wolfpack,total_passing_yards,186.000000
nc-state-wolfpack-at-virginia-cavaliers-week-1,nc-state-wolfpack,passing_completions,16.000000
nc-state-wolfpack-at-virginia-cavaliers-week-1,nc-state-wolfpack,passing_attempts,27.000000
nc-state-wolfpack-at-virginia-cavaliers-week-1,nc-state-wolfpack,yards_per_pass,6.900000
nc-state-wolfpack-at-virginia-cavaliers-week-1,nc-state-wolfpack,passing_touchdowns,0.000000
nc-state-wolfpack-at-virginia-cavaliers-week-1,nc-state-wolfpack,total_rushing_yards,131.000000
nc-state-wolfpack-at-virginia-cavaliers-week-1,nc-state-wolfpack,rushing_attempts,45.000000
nc-state-wolfpack-at-virginia-cavaliers-week-1,nc-state-wolfpack,yards_per_rush,2.900000
nc-state-wolfpack-at-virginia-cavaliers-week-1,nc-state-wolfpack,rushing_touchdowns,2.000000
nc-state-wolfpack-at-virginia-cavaliers-week-1,nc-state-wolfpack,sacks,1.000000
nc-state-wolfpack-at-virginia-cavaliers-week-1,nc-state-wolfpack,tackles_for_loss,1.000000
nc-state-wolfpack-at-virginia-cavaliers-week-1,nc-state-wolfpack,pass_deflections,1.000000
nc-state-wolfpack-at-virginia-cavaliers-week-1,nc-state-wolfpack,total_turnovers,0.000000
nc-state-wolfpack-at-virginia-cavaliers-week-1,nc-state-wolfpack,fumbles_lost,0.000000
nc-state-wolfpack-at-virginia-cavaliers-week-1,nc-state-wolfpack,interceptions,0.000000
new-mexico-state-aggies-at-florida-state-seminoles-week-1,new-mexico-state-aggies,passing_touchdowns,1.000000
new-mexico-state-aggies-at-florida-state-seminoles-week-1,new-mexico-state-aggies,total_passing_yards,232.000000
new-mexico-state-aggies-at-florida-state-seminoles-week-1,new-mexico-state-aggies,passing_completions,19.000000
new-mexico-state-aggies-at-florida-state-seminoles-week-1,new-mexico-state-aggies,passing_attempts,32.000000
new-mexico-state-aggies-at-florida-state-seminoles-week-1,new-mexico-state-aggies,yards_per_pass,7.200000
new-mexico-state-aggies-at-florida-state-seminoles-week-1,new-mexico-state-aggies,total_rushing_yards,110.000000
new-mexico-state-aggies-at-florida-state-seminoles-week-1,new-mexico-state-aggies,rushing_attempts,21.000000
new-mexico-state-aggies-at-florida-state-seminoles-week-1,new-mexico-state-aggies,yards_per_rush,5.200000
new-mexico-state-aggies-at-florida-state-seminoles-week-1,new-mexico-state-aggies,rushing_touchdowns,2.000000
new-mexico-state-aggies-at-florida-state-seminoles-week-1,new-mexico-state-aggies,tackles_for_loss,5.000000
new-mexico-state-aggies-at-florida-state-seminoles-week-1,new-mexico-state-aggies,pass_deflections,0.000000
new-mexico-state-aggies-at-florida-state-seminoles-week-1,new-mexico-state-aggies,sacks,3.000000
new-mexico-state-aggies-at-florida-state-seminoles-week-1,new-mexico-state-aggies,total_turnovers,1.000000
new-mexico-state-aggies-at-florida-state-seminoles-week-1,new-mexico-state-aggies,fumbles_lost,0.000000
new-mexico-state-aggies-at-florida-state-seminoles-week-1,new-mexico-state-aggies,interceptions,1.000000
new-mexico-state-aggies-at-florida-state-seminoles-week-1,new-mexico-state-aggies,total_plays,53.000000
new-mexico-state-aggies-at-florida-state-seminoles-week-1,new-mexico-state-aggies,total_yards,342.000000
new-mexico-state-aggies-at-florida-state-seminoles-week-1,new-mexico-state-aggies,yards_per_play,6.500000
new-mexico-state-aggies-at-florida-state-seminoles-week-1,new-mexico-state-aggies,redzone_touchdowns,1.000000
new-mexico-state-aggies-at-florida-state-seminoles-week-1,new-mexico-state-aggies,redzone_attempts,1.000000
new-mexico-state-aggies-at-florida-state-seminoles-week-1,new-mexico-state-aggies,seconds_of_possession,1472.000000
new-mexico-state-aggies-at-florida-state-seminoles-week-1,new-mexico-state-aggies,total_drives,11.000000
new-mexico-state-aggies-at-florida-state-seminoles-week-1,new-mexico-state-aggies,redzone_touchdowns,4.000000
new-mexico-state-aggies-at-florida-state-seminoles-week-1,new-mexico-state-aggies,redzone_attempts,4.000000
new-mexico-state-aggies-at-florida-state-seminoles-week-1,new-mexico-state-aggies,seconds_of_possession,2128.000000
new-mexico-state-aggies-at-florida-state-seminoles-week-1,new-mexico-state-aggies,total_drives,11.000000
new-mexico-state-aggies-at-florida-state-seminoles-week-1,new-mexico-state-aggies,total_plays,72.000000
new-mexico-state-aggies-at-florida-state-seminoles-week-1,new-mexico-state-aggies,total_yards,317.000000
new-mexico-state-aggies-at-florida-state-seminoles-week-1,new-mexico-state-aggies,yards_per_play,4.400000
new-mexico-state-aggies-at-florida-state-seminoles-week-1,new-mexico-state-aggies,total_passing_yards,186.000000
new-mexico-state-aggies-at-florida-state-seminoles-week-1,new-mexico-state-aggies,passing_completions,16.000000
new-mexico-state-aggies-at-florida-state-seminoles-week-1,new-mexico-state-aggies,passing_attempts,27.000000
new-mexico-state-aggies-at-florida-state-seminoles-week-1,new-mexico-state-aggies,yards_per_pass,6.900000
new-mexico-state-aggies-at-florida-state-seminoles-week-1,new-mexico-state-aggies,passing_touchdowns,0.000000
new-mexico-state-aggies-at-florida-state-seminoles-week-1,new-mexico-state-aggies,total_rushing_yards,131.000000
new-mexico-state-aggies-at-florida-state-seminoles-week-1,new-mexico-state-aggies,rushing_attempts,45.000000
new-mexico-state-aggies-at-florida-state-seminoles-week-1,new-mexico-state-aggies,yards_per_rush,2.900000
new-mexico-state-aggies-at-florida-state-seminoles-week-1,new-mexico-state-aggies,rushing_touchdowns,2.000000
new-mexico-state-aggies-at-florida-state-seminoles-week-1,new-mexico-state-aggies,sacks,1.000000
new-mexico-state-aggies-at-florida-state-seminoles-week-1,new-mexico-state-aggies,tackles_for_loss,1.000000
new-mexico-state-aggies-at-florida-state-seminoles-week-1,new-mexico-state-aggies,pass_deflections,1.000000
new-mexico-state-aggies-at-florida-state-seminoles-week-1,new-mexico-state-aggies,interceptions,0.000000
new-mexico-state-aggies-at-florida-state-seminoles-week-1,new-mexico-state-aggies,total_turnovers,0.000000
new-mexico-state-aggies-at-florida-state-seminoles-week-1,new-mexico-state-aggies,fumbles_lost,0.000000
bethune-cookman-wildcats-at-ucf-knights-week-1,bethune-cookman-wildcats,yards_per_play,6.500000
bethune-cookman-wildcats-at-ucf-knights-week-1,bethune-cookman-wildcats,redzone_touchdowns,1.000000
bethune-cookman-wildcats-at-ucf-knights-week-1,bethune-cookman-wildcats,redzone_attempts,1.000000
bethune-cookman-wildcats-at-ucf-knights-week-1,bethune-cookman-wildcats,seconds_of_possession,1472.000000
bethune-cookman-wildcats-at-ucf-knights-week-1,bethune-cookman-wildcats,total_drives,11.000000
bethune-cookman-wildcats-at-ucf-knights-week-1,bethune-cookman-wildcats,total_plays,53.000000
bethune-cookman-wildcats-at-ucf-knights-week-1,bethune-cookman-wildcats,total_yards,342.000000
bethune-cookman-wildcats-at-ucf-knights-week-1,bethune-cookman-wildcats,passing_completions,19.000000
bethune-cookman-wildcats-at-ucf-knights-week-1,bethune-cookman-wildcats,passing_attempts,32.000000
bethune-cookman-wildcats-at-ucf-knights-week-1,bethune-cookman-wildcats,yards_per_pass,7.200000
bethune-cookman-wildcats-at-ucf-knights-week-1,bethune-cookman-wildcats,passing_touchdowns,1.000000
bethune-cookman-wildcats-at-ucf-knights-week-1,bethune-cookman-wildcats,total_passing_yards,232.000000
bethune-cookman-wildcats-at-ucf-knights-week-1,bethune-cookman-wildcats,total_rushing_yards,110.000000
bethune-cookman-wildcats-at-ucf-knights-week-1,bethune-cookman-wildcats,rushing_attempts,21.000000
bethune-cookman-wildcats-at-ucf-knights-week-1,bethune-cookman-wildcats,yards_per_rush,5.200000
bethune-cookman-wildcats-at-ucf-knights-week-1,bethune-cookman-wildcats,rushing_touchdowns,2.000000
bethune-cookman-wildcats-at-ucf-knights-week-1,bethune-cookman-wildcats,sacks,3.000000
bethune-cookman-wildcats-at-ucf-knights-week-1,bethune-cookman-wildcats,tackles_for_loss,5.000000
bethune-cookman-wildcats-at-ucf-knights-week-1,bethune-cookman-wildcats,pass_deflections,0.000000
bethune-cookman-wildcats-at-ucf-knights-week-1,bethune-cookman-wildcats,total_turnovers,1.000000
bethune-cookman-wildcats-at-ucf-knights-week-1,bethune-cookman-wildcats,fumbles_lost,0.000000
bethune-cookman-wildcats-at-ucf-knights-week-1,bethune-cookman-wildcats,interceptions,1.000000
bethune-cookman-wildcats-at-ucf-knights-week-1,bethune-cookman-wildcats,total_passing_yards,186.000000
bethune-cookman-wildcats-at-ucf-knights-week-1,bethune-cookman-wildcats,passing_completions,16.000000
bethune-cookman-wildcats-at-ucf-knights-week-1,bethune-cookman-wildcats,passing_attempts,27.000000
bethune-cookman-wildcats-at-ucf-knights-week-1,bethune-cookman-wildcats,yards_per_pass,6.900000
bethune-cookman-wildcats-at-ucf-knights-week-1,bethune-cookman-wildcats,passing_touchdowns,0.000000
bethune-cookman-wildcats-at-ucf-knights-week-1,bethune-cookman-wildcats,total_rushing_yards,131.000000
bethune-cookman-wildcats-at-ucf-knights-week-1,bethune-cookman-wildcats,rushing_attempts,45.000000
bethune-cookman-wildcats-at-ucf-knights-week-1,bethune-cookman-wildcats,yards_per_rush,2.900000
bethune-cookman-wildcats-at-ucf-knights-week-1,bethune-cookman-wildcats,rushing_touchdowns,2.000000
bethune-cookman-wildcats-at-ucf-knights-week-1,bethune-cookman-wildcats,sacks,1.000000
bethune-cookman-wildcats-at-ucf-knights-week-1,bethune-cookman-wildcats,tackles_for_loss,1.000000
bethune-cookman-wildcats-at-ucf-knights-week-1,bethune-cookman-wildcats,pass_deflections,1.000000
bethune-cookman-wildcats-at-ucf-knights-week-1,bethune-cookman-wildcats,fumbles_lost,0.000000
bethune-cookman-wildcats-at-ucf-knights-week-1,bethune-cookman-wildcats,interceptions,0.000000
bethune-cookman-wildcats-at-ucf-knights-week-1,bethune-cookman-wildcats,total_turnovers,0.000000
bethune-cookman-wildcats-at-ucf-knights-week-1,bethune-cookman-wildcats,seconds_of_possession,2128.000000
bethune-cookman-wildcats-at-ucf-knights-week-1,bethune-cookman-wildcats,total_drives,11.000000
bethune-cookman-wildcats-at-ucf-knights-week-1,bethune-cookman-wildcats,total_plays,72.000000
bethune-cookman-wildcats-at-ucf-knights-week-1,bethune-cookman-wildcats,total_yards,317.000000
bethune-cookman-wildcats-at-ucf-knights-week-1,bethune-cookman-wildcats,yards_per_play,4.400000
bethune-cookman-wildcats-at-ucf-knights-week-1,bethune-cookman-wildcats,redzone_touchdowns,4.000000
bethune-cookman-wildcats-at-ucf-knights-week-1,bethune-cookman-wildcats,redzone_attempts,4.000000
idaho-vandals-at-utah-utes-week-1,idaho-vandals,seconds_of_possession,1472.000000
idaho-vandals-at-utah-utes-week-1,idaho-vandals,total_drives,11.000000
idaho-vandals-at-utah-utes-week-1,idaho-vandals,total_plays,53.000000
idaho-vandals-at-utah-utes-week-1,idaho-vandals,total_yards,342.000000
idaho-vandals-at-utah-utes-week-1,idaho-vandals,yards_per_play,6.500000
idaho-vandals-at-utah-utes-week-1,idaho-vandals,redzone_touchdowns,1.000000
idaho-vandals-at-utah-utes-week-1,idaho-vandals,redzone_attempts,1.000000
idaho-vandals-at-utah-utes-week-1,idaho-vandals,passing_touchdowns,1.000000
idaho-vandals-at-utah-utes-week-1,idaho-vandals,total_passing_yards,232.000000
idaho-vandals-at-utah-utes-week-1,idaho-vandals,passing_completions,19.000000
idaho-vandals-at-utah-utes-week-1,idaho-vandals,passing_attempts,32.000000
idaho-vandals-at-utah-utes-week-1,idaho-vandals,yards_per_pass,7.200000
idaho-vandals-at-utah-utes-week-1,idaho-vandals,total_rushing_yards,110.000000
idaho-vandals-at-utah-utes-week-1,idaho-vandals,rushing_attempts,21.000000
idaho-vandals-at-utah-utes-week-1,idaho-vandals,yards_per_rush,5.200000
idaho-vandals-at-utah-utes-week-1,idaho-vandals,rushing_touchdowns,2.000000
idaho-vandals-at-utah-utes-week-1,idaho-vandals,sacks,3.000000
idaho-vandals-at-utah-utes-week-1,idaho-vandals,tackles_for_loss,5.000000
idaho-vandals-at-utah-utes-week-1,idaho-vandals,pass_deflections,0.000000
idaho-vandals-at-utah-utes-week-1,idaho-vandals,total_turnovers,1.000000
idaho-vandals-at-utah-utes-week-1,idaho-vandals,fumbles_lost,0.000000
idaho-vandals-at-utah-utes-week-1,idaho-vandals,interceptions,1.000000
idaho-vandals-at-utah-utes-week-1,idaho-vandals,total_plays,72.000000
idaho-vandals-at-utah-utes-week-1,idaho-vandals,total_yards,317.000000
idaho-vandals-at-utah-utes-week-1,idaho-vandals,yards_per_play,4.400000
idaho-vandals-at-utah-utes-week-1,idaho-vandals,redzone_touchdowns,4.000000
idaho-vandals-at-utah-utes-week-1,idaho-vandals,redzone_attempts,4.000000
idaho-vandals-at-utah-utes-week-1,idaho-vandals,seconds_of_possession,2128.000000
idaho-vandals-at-utah-utes-week-1,idaho-vandals,total_drives,11.000000
idaho-vandals-at-utah-utes-week-1,idaho-vandals,yards_per_pass,6.900000
idaho-vandals-at-utah-utes-week-1,idaho-vandals,passing_touchdowns,0.000000
idaho-vandals-at-utah-utes-week-1,idaho-vandals,total_passing_yards,186.000000
idaho-vandals-at-utah-utes-week-1,idaho-vandals,passing_completions,16.000000
idaho-vandals-at-utah-utes-week-1,idaho-vandals,passing_attempts,27.000000
idaho-vandals-at-utah-utes-week-1,idaho-vandals,total_rushing_yards,131.000000
idaho-vandals-at-utah-utes-week-1,idaho-vandals,rushing_attempts,45.000000
idaho-vandals-at-utah-utes-week-1,idaho-vandals,yards_per_rush,2.900000
idaho-vandals-at-utah-utes-week-1,idaho-vandals,rushing_touchdowns,2.000000
idaho-vandals-at-utah-utes-week-1,idaho-vandals,sacks,1.000000
idaho-vandals-at-utah-utes-week-1,idaho-vandals,tackles_for_loss,1.000000
idaho-vandals-at-utah-utes-week-1,idaho-vandals,pass_deflections,1.000000
idaho-vandals-at-utah-utes-week-1,idaho-vandals,total_turnovers,0.000000
idaho-vandals-at-utah-utes-week-1,idaho-vandals,fumbles_lost,0.000000
idaho-vandals-at-utah-utes-week-1,idaho-vandals,interceptions,0.000000
colorado-buffaloes-at-georgia-tech-yellow-jackets-week-1,colorado-buffaloes,total_turnovers,1.000000
colorado-buffaloes-at-georgia-tech-yellow-jackets-week-1,colorado-buffaloes,fumbles_lost,0.000000
colorado-buffaloes-at-georgia-tech-yellow-jackets-week-1,colorado-buffaloes,interceptions,1.000000
colorado-buffaloes-at-georgia-tech-yellow-jackets-week-1,colorado-buffaloes,total_drives,11.000000
colorado-buffaloes-at-georgia-tech-yellow-jackets-week-1,colorado-buffaloes,total_plays,53.000000
colorado-buffaloes-at-georgia-tech-yellow-jackets-week-1,colorado-buffaloes,total_yards,342.000000
colorado-buffaloes-at-georgia-tech-yellow-jackets-week-1,colorado-buffaloes,yards_per_play,6.500000
colorado-buffaloes-at-georgia-tech-yellow-jackets-week-1,colorado-buffaloes,redzone_touchdowns,1.000000
colorado-buffaloes-at-georgia-tech-yellow-jackets-week-1,colorado-buffaloes,redzone_attempts,1.000000
colorado-buffaloes-at-georgia-tech-yellow-jackets-week-1,colorado-buffaloes,seconds_of_possession,1472.000000
colorado-buffaloes-at-georgia-tech-yellow-jackets-week-1,colorado-buffaloes,total_passing_yards,232.000000
colorado-buffaloes-at-georgia-tech-yellow-jackets-week-1,colorado-buffaloes,passing_completions,19.000000
colorado-buffaloes-at-georgia-tech-yellow-jackets-week-1,colorado-buffaloes,passing_attempts,32.000000
colorado-buffaloes-at-georgia-tech-yellow-jackets-week-1,colorado-buffaloes,yards_per_pass,7.200000
colorado-buffaloes-at-georgia-tech-yellow-jackets-week-1,colorado-buffaloes,passing_touchdowns,1.000000
colorado-buffaloes-at-georgia-tech-yellow-jackets-week-1,colorado-buffaloes,total_rushing_yards,110.000000
colorado-buffaloes-at-georgia-tech-yellow-jackets-week-1,colorado-buffaloes,rushing_attempts,21.000000
colorado-buffaloes-at-georgia-tech-yellow-jackets-week-1,colorado-buffaloes,yards_per_rush,5.200000
colorado-buffaloes-at-georgia-tech-yellow-jackets-week-1,colorado-buffaloes,rushing_touchdowns,2.000000
colorado-buffaloes-at-georgia-tech-yellow-jackets-week-1,colorado-buffaloes,sacks,3.000000
colorado-buffaloes-at-georgia-tech-yellow-jackets-week-1,colorado-buffaloes,tackles_for_loss,5.000000
colorado-buffaloes-at-georgia-tech-yellow-jackets-week-1,colorado-buffaloes,pass_deflections,0.000000
colorado-buffaloes-at-georgia-tech-yellow-jackets-week-1,colorado-buffaloes,redzone_touchdowns,4.000000
colorado-buffaloes-at-georgia-tech-yellow-jackets-week-1,colorado-buffaloes,redzone_attempts,4.000000
colorado-buffaloes-at-georgia-tech-yellow-jackets-week-1,colorado-buffaloes,seconds_of_possession,2128.000000
colorado-buffaloes-at-georgia-tech-yellow-jackets-week-1,colorado-buffaloes,total_drives,11.000000
colorado-buffaloes-at-georgia-tech-yellow-jackets-week-1,colorado-buffaloes,total_plays,72.000000
colorado-buffaloes-at-georgia-tech-yellow-jackets-week-1,colorado-buffaloes,total_yards,317.000000
colorado-buffaloes-at-georgia-tech-yellow-jackets-week-1,colorado-buffaloes,yards_per_play,4.400000
colorado-buffaloes-at-georgia-tech-yellow-jackets-week-1,colorado-buffaloes,total_passing_yards,186.000000
colorado-buffaloes-at-georgia-tech-yellow-jackets-week-1,colorado-buffaloes,passing_completions,16.000000
colorado-buffaloes-at-georgia-tech-yellow-jackets-week-1,colorado-buffaloes,passing_attempts,27.000000
colorado-buffaloes-at-georgia-tech-yellow-jackets-week-1,colorado-buffaloes,yards_per_pass,6.900000
colorado-buffaloes-at-georgia-tech-yellow-jackets-week-1,colorado-buffaloes,passing_touchdowns,0.000000
colorado-buffaloes-at-georgia-tech-yellow-jackets-week-1,colorado-buffaloes,total_rushing_yards,131.000000
colorado-buffaloes-at-georgia-tech-yellow-jackets-week-1,colorado-buffaloes,rushing_attempts,45.000000
colorado-buffaloes-at-georgia-tech-yellow-jackets-week-1,colorado-buffaloes,yards_per_rush,2.900000
colorado-buffaloes-at-georgia-tech-yellow-jackets-week-1,colorado-buffaloes,rushing_touchdowns,2.000000
colorado-buffaloes-at-georgia-tech-yellow-jackets-week-1,colorado-buffaloes,sacks,1.000000
colorado-buffaloes-at-georgia-tech-yellow-jackets-week-1,colorado-buffaloes,tackles_for_loss,1.000000
colorado-buffaloes-at-georgia-tech-yellow-jackets-week-1,colorado-buffaloes,pass_deflections,1.000000
colorado-buffaloes-at-georgia-tech-yellow-jackets-week-1,colorado-buffaloes,total_turnovers,0.000000
colorado-buffaloes-at-georgia-tech-yellow-jackets-week-1,colorado-buffaloes,fumbles_lost,0.000000
colorado-buffaloes-at-georgia-tech-yellow-jackets-week-1,colorado-buffaloes,interceptions,0.000000
akron-zips-at-wake-forest-demon-deacons-week-1,akron-zips,seconds_of_possession,1472.000000
akron-zips-at-wake-forest-demon-deacons-week-1,akron-zips,total_drives,11.000000
akron-zips-at-wake-forest-demon-deacons-week-1,akron-zips,total_plays,53.000000
akron-zips-at-wake-forest-demon-deacons-week-1,akron-zips,total_yards,342.000000
akron-zips-at-wake-forest-demon-deacons-week-1,akron-zips,yards_per_play,6.500000
akron-zips-at-wake-forest-demon-deacons-week-1,akron-zips,redzone_touchdowns,1.000000
akron-zips-at-wake-forest-demon-deacons-week-1,akron-zips,redzone_attempts,1.000000
akron-zips-at-wake-forest-demon-deacons-week-1,akron-zips,total_passing_yards,232.000000
akron-zips-at-wake-forest-demon-deacons-week-1,akron-zips,passing_completions,19.000000
akron-zips-at-wake-forest-demon-deacons-week-1,akron-zips,passing_attempts,32.000000
akron-zips-at-wake-forest-demon-deacons-week-1,akron-zips,yards_per_pass,7.200000
akron-zips-at-wake-forest-demon-deacons-week-1,akron-zips,passing_touchdowns,1.000000
akron-zips-at-wake-forest-demon-deacons-week-1,akron-zips,yards_per_rush,5.200000
akron-zips-at-wake-forest-demon-deacons-week-1,akron-zips,rushing_touchdowns,2.000000
akron-zips-at-wake-forest-demon-deacons-week-1,akron-zips,total_rushing_yards,110.000000
akron-zips-at-wake-forest-demon-deacons-week-1,akron-zips,rushing_attempts,21.000000
akron-zips-at-wake-forest-demon-deacons-week-1,akron-zips,sacks,3.000000
akron-zips-at-wake-forest-demon-deacons-week-1,akron-zips,tackles_for_loss,5.000000
akron-zips-at-wake-forest-demon-deacons-week-1,akron-zips,pass_deflections,0.000000
akron-zips-at-wake-forest-demon-deacons-week-1,akron-zips,fumbles_lost,0.000000
akron-zips-at-wake-forest-demon-deacons-week-1,akron-zips,interceptions,1.000000
akron-zips-at-wake-forest-demon-deacons-week-1,akron-zips,total_turnovers,1.000000
akron-zips-at-wake-forest-demon-deacons-week-1,akron-zips,rushing_attempts,45.000000
akron-zips-at-wake-forest-demon-deacons-week-1,akron-zips,yards_per_rush,2.900000
akron-zips-at-wake-forest-demon-deacons-week-1,akron-zips,rushing_touchdowns,2.000000
akron-zips-at-wake-forest-demon-deacons-week-1,akron-zips,total_rushing_yards,131.000000
akron-zips-at-wake-forest-demon-deacons-week-1,akron-zips,sacks,1.000000
akron-zips-at-wake-forest-demon-deacons-week-1,akron-zips,tackles_for_loss,1.000000
akron-zips-at-wake-forest-demon-deacons-week-1,akron-zips,pass_deflections,1.000000
akron-zips-at-wake-forest-demon-deacons-week-1,akron-zips,interceptions,0.000000
akron-zips-at-wake-forest-demon-deacons-week-1,akron-zips,total_turnovers,0.000000
akron-zips-at-wake-forest-demon-deacons-week-1,akron-zips,fumbles_lost,0.000000
akron-zips-at-wake-forest-demon-deacons-week-1,akron-zips,seconds_of_possession,2128.000000
akron-zips-at-wake-forest-demon-deacons-week-1,akron-zips,total_drives,11.000000
akron-zips-at-wake-forest-demon-deacons-week-1,akron-zips,total_plays,72.000000
akron-zips-at-wake-forest-demon-deacons-week-1,akron-zips,total_yards,317.000000
akron-zips-at-wake-forest-demon-deacons-week-1,akron-zips,yards_per_play,4.400000
akron-zips-at-wake-forest-demon-deacons-week-1,akron-zips,redzone_touchdowns,4.000000
akron-zips-at-wake-forest-demon-deacons-week-1,akron-zips,redzone_attempts,4.000000
akron-zips-at-wake-forest-demon-deacons-week-1,akron-zips,total_passing_yards,186.000000
akron-zips-at-wake-forest-demon-deacons-week-1,akron-zips,passing_completions,16.000000
akron-zips-at-wake-forest-demon-deacons-week-1,akron-zips,passing_attempts,27.000000
akron-zips-at-wake-forest-demon-deacons-week-1,akron-zips,yards_per_pass,6.900000
akron-zips-at-wake-forest-demon-deacons-week-1,akron-zips,passing_touchdowns,0.000000
eastern-illinois-panthers-at-minnesota-golden-gophers-week-1,eastern-illinois-panthers,sacks,3.000000
eastern-illinois-panthers-at-minnesota-golden-gophers-week-1,eastern-illinois-panthers,tackles_for_loss,5.000000
eastern-illinois-panthers-at-minnesota-golden-gophers-week-1,eastern-illinois-panthers,pass_deflections,0.000000
eastern-illinois-panthers-at-minnesota-golden-gophers-week-1,eastern-illinois-panthers,total_turnovers,1.000000
eastern-illinois-panthers-at-minnesota-golden-gophers-week-1,eastern-illinois-panthers,fumbles_lost,0.000000
eastern-illinois-panthers-at-minnesota-golden-gophers-week-1,eastern-illinois-panthers,interceptions,1.000000
eastern-illinois-panthers-at-minnesota-golden-gophers-week-1,eastern-illinois-panthers,total_drives,11.000000
eastern-illinois-panthers-at-minnesota-golden-gophers-week-1,eastern-illinois-panthers,total_plays,53.000000
eastern-illinois-panthers-at-minnesota-golden-gophers-week-1,eastern-illinois-panthers,total_yards,342.000000
eastern-illinois-panthers-at-minnesota-golden-gophers-week-1,eastern-illinois-panthers,yards_per_play,6.500000
eastern-illinois-panthers-at-minnesota-golden-gophers-week-1,eastern-illinois-panthers,redzone_touchdowns,1.000000
eastern-illinois-panthers-at-minnesota-golden-gophers-week-1,eastern-illinois-panthers,redzone_attempts,1.000000
eastern-illinois-panthers-at-minnesota-golden-gophers-week-1,eastern-illinois-panthers,seconds_of_possession,1472.000000
eastern-illinois-panthers-at-minnesota-golden-gophers-week-1,eastern-illinois-panthers,total_passing_yards,232.000000
eastern-illinois-panthers-at-minnesota-golden-gophers-week-1,eastern-illinois-panthers,passing_completions,19.000000
eastern-illinois-panthers-at-minnesota-golden-gophers-week-1,eastern-illinois-panthers,passing_attempts,32.000000
eastern-illinois-panthers-at-minnesota-golden-gophers-week-1,eastern-illinois-panthers,yards_per_pass,7.200000
eastern-illinois-panthers-at-minnesota-golden-gophers-week-1,eastern-illinois-panthers,passing_touchdowns,1.000000
eastern-illinois-panthers-at-minnesota-golden-gophers-week-1,eastern-illinois-panthers,total_rushing_yards,110.000000
eastern-illinois-panthers-at-minnesota-golden-gophers-week-1,eastern-illinois-panthers,rushing_attempts,21.000000
eastern-illinois-panthers-at-minnesota-golden-gophers-week-1,eastern-illinois-panthers,yards_per_rush,5.200000
eastern-illinois-panthers-at-minnesota-golden-gophers-week-1,eastern-illinois-panthers,rushing_touchdowns,2.000000
eastern-illinois-panthers-at-minnesota-golden-gophers-week-1,eastern-illinois-panthers,rushing_touchdowns,2.000000
eastern-illinois-panthers-at-minnesota-golden-gophers-week-1,eastern-illinois-panthers,total_rushing_yards,131.000000
eastern-illinois-panthers-at-minnesota-golden-gophers-week-1,eastern-illinois-panthers,rushing_attempts,45.000000
eastern-illinois-panthers-at-minnesota-golden-gophers-week-1,eastern-illinois-panthers,yards_per_rush,2.900000
eastern-illinois-panthers-at-minnesota-golden-gophers-week-1,eastern-illinois-panthers,pass_deflections,1.000000
eastern-illinois-panthers-at-minnesota-golden-gophers-week-1,eastern-illinois-panthers,sacks,1.000000
eastern-illinois-panthers-at-minnesota-golden-gophers-week-1,eastern-illinois-panthers,tackles_for_loss,1.000000
eastern-illinois-panthers-at-minnesota-golden-gophers-week-1,eastern-illinois-panthers,total_turnovers,0.000000
eastern-illinois-panthers-at-minnesota-golden-gophers-week-1,eastern-illinois-panthers,fumbles_lost,0.000000
eastern-illinois-panthers-at-minnesota-golden-gophers-week-1,eastern-illinois-panthers,interceptions,0.000000
eastern-illinois-panthers-at-minnesota-golden-gophers-week-1,eastern-illinois-panthers,redzone_touchdowns,4.000000
eastern-illinois-panthers-at-minnesota-golden-gophers-week-1,eastern-illinois-panthers,redzone_attempts,4.000000
eastern-illinois-panthers-at-minnesota-golden-gophers-week-1,eastern-illinois-panthers,seconds_of_possession,2128.000000
eastern-illinois-panthers-at-minnesota-golden-gophers-week-1,eastern-illinois-panthers,total_drives,11.000000
eastern-illinois-panthers-at-minnesota-golden-gophers-week-1,eastern-illinois-panthers,total_plays,72.000000
eastern-illinois-panthers-at-minnesota-golden-gophers-week-1,eastern-illinois-panthers,total_yards,317.000000
eastern-illinois-panthers-at-minnesota-golden-gophers-week-1,eastern-illinois-panthers,yards_per_play,4.400000
eastern-illinois-panthers-at-minnesota-golden-gophers-week-1,eastern-illinois-panthers,passing_completions,16.000000
eastern-illinois-panthers-at-minnesota-golden-gophers-week-1,eastern-illinois-panthers,passing_attempts,27.000000
eastern-illinois-panthers-at-minnesota-golden-gophers-week-1,eastern-illinois-panthers,yards_per_pass,6.900000
eastern-illinois-panthers-at-minnesota-golden-gophers-week-1,eastern-illinois-panthers,passing_touchdowns,0.000000
eastern-illinois-panthers-at-minnesota-golden-gophers-week-1,eastern-illinois-panthers,total_passing_yards,186.000000
massachusetts-minutemen-at-rutgers-scarlet-knights-week-1,massachusetts-minutemen,sacks,3.000000
massachusetts-minutemen-at-rutgers-scarlet-knights-week-1,massachusetts-minutemen,tackles_for_loss,5.000000
massachusetts-minutemen-at-rutgers-scarlet-knights-week-1,massachusetts-minutemen,pass_deflections,0.000000
massachusetts-minutemen-at-rutgers-scarlet-knights-week-1,massachusetts-minutemen,total_turnovers,1.000000
massachusetts-minutemen-at-rutgers-scarlet-knights-week-1,massachusetts-minutemen,fumbles_lost,0.000000
massachusetts-minutemen-at-rutgers-scarlet-knights-week-1,massachusetts-minutemen,interceptions,1.000000
massachusetts-minutemen-at-rutgers-scarlet-knights-week-1,massachusetts-minutemen,total_plays,53.000000
massachusetts-minutemen-at-rutgers-scarlet-knights-week-1,massachusetts-minutemen,total_yards,342.000000
massachusetts-minutemen-at-rutgers-scarlet-knights-week-1,massachusetts-minutemen,yards_per_play,6.500000
massachusetts-minutemen-at-rutgers-scarlet-knights-week-1,massachusetts-minutemen,redzone_touchdowns,1.000000
massachusetts-minutemen-at-rutgers-scarlet-knights-week-1,massachusetts-minutemen,redzone_attempts,1.000000
massachusetts-minutemen-at-rutgers-scarlet-knights-week-1,massachusetts-minutemen,seconds_of_possession,1472.000000
massachusetts-minutemen-at-rutgers-scarlet-knights-week-1,massachusetts-minutemen,total_drives,11.000000
massachusetts-minutemen-at-rutgers-scarlet-knights-week-1,massachusetts-minutemen,total_passing_yards,232.000000
massachusetts-minutemen-at-rutgers-scarlet-knights-week-1,massachusetts-minutemen,passing_completions,19.000000
massachusetts-minutemen-at-rutgers-scarlet-knights-week-1,massachusetts-minutemen,passing_attempts,32.000000
massachusetts-minutemen-at-rutgers-scarlet-knights-week-1,massachusetts-minutemen,yards_per_pass,7.200000
massachusetts-minutemen-at-rutgers-scarlet-knights-week-1,massachusetts-minutemen,passing_touchdowns,1.000000
massachusetts-minutemen-at-rutgers-scarlet-knights-week-1,massachusetts-minutemen,total_rushing_yards,110.000000
massachusetts-minutemen-at-rutgers-scarlet-knights-week-1,massachusetts-minutemen,rushing_attempts,21.000000
massachusetts-minutemen-at-rutgers-scarlet-knights-week-1,massachusetts-minutemen,yards_per_rush,5.200000
massachusetts-minutemen-at-rutgers-scarlet-knights-week-1,massachusetts-minutemen,rushing_touchdowns,2.000000
massachusetts-minutemen-at-rutgers-scarlet-knights-week-1,massachusetts-minutemen,seconds_of_possession,2128.000000
massachusetts-minutemen-at-rutgers-scarlet-knights-week-1,massachusetts-minutemen,total_drives,11.000000
massachusetts-minutemen-at-rutgers-scarlet-knights-week-1,massachusetts-minutemen,total_plays,72.000000
massachusetts-minutemen-at-rutgers-scarlet-knights-week-1,massachusetts-minutemen,total_yards,317.000000
massachusetts-minutemen-at-rutgers-scarlet-knights-week-1,massachusetts-minutemen,yards_per_play,4.400000
massachusetts-minutemen-at-rutgers-scarlet-knights-week-1,massachusetts-minutemen,redzone_touchdowns,4.000000
massachusetts-minutemen-at-rutgers-scarlet-knights-week-1,massachusetts-minutemen,redzone_attempts,4.000000
massachusetts-minutemen-at-rutgers-scarlet-knights-week-1,massachusetts-minutemen,total_passing_yards,186.000000
massachusetts-minutemen-at-rutgers-scarlet-knights-week-1,massachusetts-minutemen,passing_completions,16.000000
massachusetts-minutemen-at-rutgers-scarlet-knights-week-1,massachusetts-minutemen,passing_attempts,27.000000
massachusetts-minutemen-at-rutgers-scarlet-knights-week-1,massachusetts-minutemen,yards_per_pass,6.900000
massachusetts-minutemen-at-rutgers-scarlet-knights-week-1,massachusetts-minutemen,passing_touchdowns,0.000000
massachusetts-minutemen-at-rutgers-scarlet-knights-week-1,massachusetts-minutemen,total_rushing_yards,131.000000
massachusetts-minutemen-at-rutgers-scarlet-knights-week-1,massachusetts-minutemen,rushing_attempts,45.000000
massachusetts-minutemen-at-rutgers-scarlet-knights-week-1,massachusetts-minutemen,yards_per_rush,2.900000
massachusetts-minutemen-at-rutgers-scarlet-knights-week-1,massachusetts-minutemen,rushing_touchdowns,2.000000
massachusetts-minutemen-at-rutgers-scarlet-knights-week-1,massachusetts-minutemen,pass_deflections,1.000000
massachusetts-minutemen-at-rutgers-scarlet-knights-week-1,massachusetts-minutemen,sacks,1.000000
massachusetts-minutemen-at-rutgers-scarlet-knights-week-1,massachusetts-minutemen,tackles_for_loss,1.000000
massachusetts-minutemen-at-rutgers-scarlet-knights-week-1,massachusetts-minutemen,total_turnovers,0.000000
massachusetts-minutemen-at-rutgers-scarlet-knights-week-1,massachusetts-minutemen,fumbles_lost,0.000000
massachusetts-minutemen-at-rutgers-scarlet-knights-week-1,massachusetts-minutemen,interceptions,0.000000
long-island-university-sharks-at-kansas-jayhawks-week-1,long-island-university-sharks,total_drives,11.000000
long-island-university-sharks-at-kansas-jayhawks-week-1,long-island-university-sharks,total_plays,53.000000
long-island-university-sharks-at-kansas-jayhawks-week-1,long-island-university-sharks,total_yards,342.000000
long-island-university-sharks-at-kansas-jayhawks-week-1,long-island-university-sharks,yards_per_play,6.500000
long-island-university-sharks-at-kansas-jayhawks-week-1,long-island-university-sharks,redzone_touchdowns,1.000000
long-island-university-sharks-at-kansas-jayhawks-week-1,long-island-university-sharks,redzone_attempts,1.000000
long-island-university-sharks-at-kansas-jayhawks-week-1,long-island-university-sharks,seconds_of_possession,1472.000000
long-island-university-sharks-at-kansas-jayhawks-week-1,long-island-university-sharks,total_passing_yards,232.000000
long-island-university-sharks-at-kansas-jayhawks-week-1,long-island-university-sharks,passing_completions,19.000000
long-island-university-sharks-at-kansas-jayhawks-week-1,long-island-university-sharks,passing_attempts,32.000000
long-island-university-sharks-at-kansas-jayhawks-week-1,long-island-university-sharks,yards_per_pass,7.200000
long-island-university-sharks-at-kansas-jayhawks-week-1,long-island-university-sharks,passing_touchdowns,1.000000
long-island-university-sharks-at-kansas-jayhawks-week-1,long-island-university-sharks,rushing_touchdowns,2.000000
long-island-university-sharks-at-kansas-jayhawks-week-1,long-island-university-sharks,total_rushing_yards,110.000000
long-island-university-sharks-at-kansas-jayhawks-week-1,long-island-university-sharks,rushing_attempts,21.000000
long-island-university-sharks-at-kansas-jayhawks-week-1,long-island-university-sharks,yards_per_rush,5.200000
long-island-university-sharks-at-kansas-jayhawks-week-1,long-island-university-sharks,sacks,3.000000
long-island-university-sharks-at-kansas-jayhawks-week-1,long-island-university-sharks,tackles_for_loss,5.000000
long-island-university-sharks-at-kansas-jayhawks-week-1,long-island-university-sharks,pass_deflections,0.000000
long-island-university-sharks-at-kansas-jayhawks-week-1,long-island-university-sharks,fumbles_lost,0.000000
long-island-university-sharks-at-kansas-jayhawks-week-1,long-island-university-sharks,interceptions,1.000000
long-island-university-sharks-at-kansas-jayhawks-week-1,long-island-university-sharks,total_turnovers,1.000000
long-island-university-sharks-at-kansas-jayhawks-week-1,long-island-university-sharks,redzone_touchdowns,4.000000
long-island-university-sharks-at-kansas-jayhawks-week-1,long-island-university-sharks,redzone_attempts,4.000000
long-island-university-sharks-at-kansas-jayhawks-week-1,long-island-university-sharks,seconds_of_possession,2128.000000
long-island-university-sharks-at-kansas-jayhawks-week-1,long-island-university-sharks,total_drives,11.000000
long-island-university-sharks-at-kansas-jayhawks-week-1,long-island-university-sharks,total_plays,72.000000
long-island-university-sharks-at-kansas-jayhawks-week-1,long-island-university-sharks,total_yards,317.000000
long-island-university-sharks-at-kansas-jayhawks-week-1,long-island-university-sharks,yards_per_play,4.400000
long-island-university-sharks-at-kansas-jayhawks-week-1,long-island-university-sharks,passing_completions,16.000000
long-island-university-sharks-at-kansas-jayhawks-week-1,long-island-university-sharks,passing_attempts,27.000000
long-island-university-sharks-at-kansas-jayhawks-week-1,long-island-university-sharks,yards_per_pass,6.900000
long-island-university-sharks-at-kansas-jayhawks-week-1,long-island-university-sharks,passing_touchdowns,0.000000
long-island-university-sharks-at-kansas-jayhawks-week-1,long-island-university-sharks,total_passing_yards,186.000000
long-island-university-sharks-at-kansas-jayhawks-week-1,long-island-university-sharks,total_rushing_yards,131.000000
long-island-university-sharks-at-kansas-jayhawks-week-1,long-island-university-sharks,rushing_attempts,45.000000
long-island-university-sharks-at-kansas-jayhawks-week-1,long-island-university-sharks,yards_per_rush,2.900000
long-island-university-sharks-at-kansas-jayhawks-week-1,long-island-university-sharks,rushing_touchdowns,2.000000
long-island-university-sharks-at-kansas-jayhawks-week-1,long-island-university-sharks,sacks,1.000000
long-island-university-sharks-at-kansas-jayhawks-week-1,long-island-university-sharks,tackles_for_loss,1.000000
long-island-university-sharks-at-kansas-jayhawks-week-1,long-island-university-sharks,pass_deflections,1.000000
long-island-university-sharks-at-kansas-jayhawks-week-1,long-island-university-sharks,total_turnovers,0.000000
long-island-university-sharks-at-kansas-jayhawks-week-1,long-island-university-sharks,fumbles_lost,0.000000
long-island-university-sharks-at-kansas-jayhawks-week-1,long-island-university-sharks,interceptions,0.000000
miami-hurricanes-at-stanford-cardinal-week-1,miami-hurricanes,redzone_touchdowns,1.000000
miami-hurricanes-at-stanford-cardinal-week-1,miami-hurricanes,redzone_attempts,1.000000
miami-hurricanes-at-stanford-cardinal-week-1,miami-hurricanes,seconds_of_possession,1472.000000
miami-hurricanes-at-stanford-cardinal-week-1,miami-hurricanes,total_drives,11.000000
miami-hurricanes-at-stanford-cardinal-week-1,miami-hurricanes,total_plays,53.000000
miami-hurricanes-at-stanford-cardinal-week-1,miami-hurricanes,total_yards,342.000000
miami-hurricanes-at-stanford-cardinal-week-1,miami-hurricanes,yards_per_play,6.500000
miami-hurricanes-at-stanford-cardinal-week-1,miami-hurricanes,yards_per_pass,7.200000
miami-hurricanes-at-stanford-cardinal-week-1,miami-hurricanes,passing_touchdowns,1.000000
miami-hurricanes-at-stanford-cardinal-week-1,miami-hurricanes,total_passing_yards,232.000000
miami-hurricanes-at-stanford-cardinal-week-1,miami-hurricanes,passing_completions,19.000000
miami-hurricanes-at-stanford-cardinal-week-1,miami-hurricanes,passing_attempts,32.000000
miami-hurricanes-at-stanford-cardinal-week-1,miami-hurricanes,total_rushing_yards,110.000000
miami-hurricanes-at-stanford-cardinal-week-1,miami-hurricanes,rushing_attempts,21.000000
miami-hurricanes-at-stanford-cardinal-week-1,miami-hurricanes,yards_per_rush,5.200000
miami-hurricanes-at-stanford-cardinal-week-1,miami-hurricanes,rushing_touchdowns,2.000000
miami-hurricanes-at-stanford-cardinal-week-1,miami-hurricanes,tackles_for_loss,5.000000
miami-hurricanes-at-stanford-cardinal-week-1,miami-hurricanes,pass_deflections,0.000000
miami-hurricanes-at-stanford-cardinal-week-1,miami-hurricanes,sacks,3.000000
miami-hurricanes-at-stanford-cardinal-week-1,miami-hurricanes,total_turnovers,1.000000
miami-hurricanes-at-stanford-cardinal-week-1,miami-hurricanes,fumbles_lost,0.000000
miami-hurricanes-at-stanford-cardinal-week-1,miami-hurricanes,interceptions,1.000000
miami-hurricanes-at-stanford-cardinal-week-1,miami-hurricanes,sacks,1.000000
miami-hurricanes-at-stanford-cardinal-week-1,miami-hurricanes,tackles_for_loss,1.000000
miami-hurricanes-at-stanford-cardinal-week-1,miami-hurricanes,pass_deflections,1.000000
miami-hurricanes-at-stanford-cardinal-week-1,miami-hurricanes,total_turnovers,0.000000
miami-hurricanes-at-stanford-cardinal-week-1,miami-hurricanes,fumbles_lost,0.000000
miami-hurricanes-at-stanford-cardinal-week-1,miami-hurricanes,interceptions,0.000000
miami-hurricanes-at-stanford-cardinal-week-1,miami-hurricanes,seconds_of_possession,2128.000000
miami-hurricanes-at-stanford-cardinal-week-1,miami-hurricanes,total_drives,11.000000
miami-hurricanes-at-stanford-cardinal-week-1,miami-hurricanes,total_plays,72.000000
miami-hurricanes-at-stanford-cardinal-week-1,miami-hurricanes,total_yards,317.000000
miami-hurricanes-at-stanford-cardinal-week-1,miami-hurricanes,yards_per_play,4.400000
miami-hurricanes-at-stanford-cardinal-week-1,miami-hurricanes,redzone_touchdowns,4.000000
miami-hurricanes-at-stanford-cardinal-week-1,miami-hurricanes,redzone_attempts,4.000000
miami-hurricanes-at-stanford-cardinal-week-1,miami-hurricanes,total_passing_yards,186.000000
miami-hurricanes-at-stanford-cardinal-week-1,miami-hurricanes,passing_completions,16.000000
miami-hurricanes-at-stanford-cardinal-week-1,miami-hurricanes,passing_attempts,27.000000
miami-hurricanes-at-stanford-cardinal-week-1,miami-hurricanes,yards_per_pass,6.900000
miami-hurricanes-at-stanford-cardinal-week-1,miami-hurricanes,passing_touchdowns,0.000000
miami-hurricanes-at-stanford-cardinal-week-1,miami-hurricanes,total_rushing_yards,131.000000
miami-hurricanes-at-stanford-cardinal-week-1,miami-hurricanes,rushing_attempts,45.000000
miami-hurricanes-at-stanford-cardinal-week-1,miami-hurricanes,yards_per_rush,2.900000
miami-hurricanes-at-stanford-cardinal-week-1,miami-hurricanes,rushing_touchdowns,2.000000
east-carolina-pirates-at-alabama-crimson-tide-week-1,east-carolina-pirates,total_rushing_yards,110.000000
east-carolina-pirates-at-alabama-crimson-tide-week-1,east-carolina-pirates,rushing_attempts,21.000000
east-carolina-pirates-at-alabama-crimson-tide-week-1,east-carolina-pirates,yards_per_rush,5.200000
east-carolina-pirates-at-alabama-crimson-tide-week-1,east-carolina-pirates,rushing_touchdowns,2.000000
east-carolina-pirates-at-alabama-crimson-tide-week-1,east-carolina-pirates,sacks,3.000000
east-carolina-pirates-at-alabama-crimson-tide-week-1,east-carolina-pirates,tackles_for_loss,5.000000
east-carolina-pirates-at-alabama-crimson-tide-week-1,east-carolina-pirates,pass_deflections,0.000000
east-carolina-pirates-at-alabama-crimson-tide-week-1,east-carolina-pirates,interceptions,1.000000
east-carolina-pirates-at-alabama-crimson-tide-week-1,east-carolina-pirates,total_turnovers,1.000000
east-carolina-pirates-at-alabama-crimson-tide-week-1,east-carolina-pirates,fumbles_lost,0.000000
east-carolina-pirates-at-alabama-crimson-tide-week-1,east-carolina-pirates,total_yards,342.000000
east-carolina-pirates-at-alabama-crimson-tide-week-1,east-carolina-pirates,yards_per_play,6.500000
east-carolina-pirates-at-alabama-crimson-tide-week-1,east-carolina-pirates,redzone_touchdowns,1.000000
east-carolina-pirates-at-alabama-crimson-tide-week-1,east-carolina-pirates,redzone_attempts,1.000000
east-carolina-pirates-at-alabama-crimson-tide-week-1,east-carolina-pirates,seconds_of_possession,1472.000000
east-carolina-pirates-at-alabama-crimson-tide-week-1,east-carolina-pirates,total_drives,11.000000
east-carolina-pirates-at-alabama-crimson-tide-week-1,east-carolina-pirates,total_plays,53.000000
east-carolina-pirates-at-alabama-crimson-tide-week-1,east-carolina-pirates,yards_per_pass,7.200000
east-carolina-pirates-at-alabama-crimson-tide-week-1,east-carolina-pirates,passing_touchdowns,1.000000
east-carolina-pirates-at-alabama-crimson-tide-week-1,east-carolina-pirates,total_passing_yards,232.000000
east-carolina-pirates-at-alabama-crimson-tide-week-1,east-carolina-pirates,passing_completions,19.000000
east-carolina-pirates-at-alabama-crimson-tide-week-1,east-carolina-pirates,passing_attempts,32.000000
east-carolina-pirates-at-alabama-crimson-tide-week-1,east-carolina-pirates,redzone_attempts,4.000000
east-carolina-pirates-at-alabama-crimson-tide-week-1,east-carolina-pirates,seconds_of_possession,2128.000000
east-carolina-pirates-at-alabama-crimson-tide-week-1,east-carolina-pirates,total_drives,11.000000
east-carolina-pirates-at-alabama-crimson-tide-week-1,east-carolina-pirates,total_plays,72.000000
east-carolina-pirates-at-alabama-crimson-tide-week-1,east-carolina-pirates,total_yards,317.000000
east-carolina-pirates-at-alabama-crimson-tide-week-1,east-carolina-pirates,yards_per_play,4.400000
east-carolina-pirates-at-alabama-crimson-tide-week-1,east-carolina-pirates,redzone_touchdowns,4.000000
east-carolina-pirates-at-alabama-crimson-tide-week-1,east-carolina-pirates,passing_attempts,27.000000
east-carolina-pirates-at-alabama-crimson-tide-week-1,east-carolina-pirates,yards_per_pass,6.900000
east-carolina-pirates-at-alabama-crimson-tide-week-1,east-carolina-pirates,passing_touchdowns,0.000000
east-carolina-pirates-at-alabama-crimson-tide-week-1,east-carolina-pirates,total_passing_yards,186.000000
east-carolina-pirates-at-alabama-crimson-tide-week-1,east-carolina-pirates,passing_completions,16.000000
east-carolina-pirates-at-alabama-crimson-tide-week-1,east-carolina-pirates,total_rushing_yards,131.000000
east-carolina-pirates-at-alabama-crimson-tide-week-1,east-carolina-pirates,rushing_attempts,45.000000
east-carolina-pirates-at-alabama-crimson-tide-week-1,east-carolina-pirates,yards_per_rush,2.900000
east-carolina-pirates-at-alabama-crimson-tide-week-1,east-carolina-pirates,rushing_touchdowns,2.000000
east-carolina-pirates-at-alabama-crimson-tide-week-1,east-carolina-pirates,sacks,1.000000
east-carolina-pirates-at-alabama-crimson-tide-week-1,east-carolina-pirates,tackles_for_loss,1.000000
east-carolina-pirates-at-alabama-crimson-tide-week-1,east-carolina-pirates,pass_deflections,1.000000
east-carolina-pirates-at-alabama-crimson-tide-week-1,east-carolina-pirates,total_turnovers,0.000000
east-carolina-pirates-at-alabama-crimson-tide-week-1,east-carolina-pirates,fumbles_lost,0.000000
east-carolina-pirates-at-alabama-crimson-tide-week-1,east-carolina-pirates,interceptions,0.000000
north-alabama-lions-at-arkansas-razorbacks-week-1,north-alabama-lions,fumbles_lost,0.000000
north-alabama-lions-at-arkansas-razorbacks-week-1,north-alabama-lions,interceptions,1.000000
north-alabama-lions-at-arkansas-razorbacks-week-1,north-alabama-lions,total_turnovers,1.000000
north-alabama-lions-at-arkansas-razorbacks-week-1,north-alabama-lions,redzone_attempts,1.000000
north-alabama-lions-at-arkansas-razorbacks-week-1,north-alabama-lions,seconds_of_possession,1472.000000
north-alabama-lions-at-arkansas-razorbacks-week-1,north-alabama-lions,total_drives,11.000000
north-alabama-lions-at-arkansas-razorbacks-week-1,north-alabama-lions,total_plays,53.000000
north-alabama-lions-at-arkansas-razorbacks-week-1,north-alabama-lions,total_yards,342.000000
north-alabama-lions-at-arkansas-razorbacks-week-1,north-alabama-lions,yards_per_play,6.500000
north-alabama-lions-at-arkansas-razorbacks-week-1,north-alabama-lions,redzone_touchdowns,1.000000
north-alabama-lions-at-arkansas-razorbacks-week-1,north-alabama-lions,passing_touchdowns,1.000000
north-alabama-lions-at-arkansas-razorbacks-week-1,north-alabama-lions,total_passing_yards,232.000000
north-alabama-lions-at-arkansas-razorbacks-week-1,north-alabama-lions,passing_completions,19.000000
north-alabama-lions-at-arkansas-razorbacks-week-1,north-alabama-lions,passing_attempts,32.000000
north-alabama-lions-at-arkansas-razorbacks-week-1,north-alabama-lions,yards_per_pass,7.200000
north-alabama-lions-at-arkansas-razorbacks-week-1,north-alabama-lions,total_rushing_yards,110.000000
north-alabama-lions-at-arkansas-razorbacks-week-1,north-alabama-lions,rushing_attempts,21.000000
north-alabama-lions-at-arkansas-razorbacks-week-1,north-alabama-lions,yards_per_rush,5.200000
north-alabama-lions-at-arkansas-razorbacks-week-1,north-alabama-lions,rushing_touchdowns,2.000000
north-alabama-lions-at-arkansas-razorbacks-week-1,north-alabama-lions,sacks,3.000000
north-alabama-lions-at-arkansas-razorbacks-week-1,north-alabama-lions,tackles_for_loss,5.000000
north-alabama-lions-at-arkansas-razorbacks-week-1,north-alabama-lions,pass_deflections,0.000000
north-alabama-lions-at-arkansas-razorbacks-week-1,north-alabama-lions,total_plays,72.000000
north-alabama-lions-at-arkansas-razorbacks-week-1,north-alabama-lions,total_yards,317.000000
north-alabama-lions-at-arkansas-razorbacks-week-1,north-alabama-lions,yards_per_play,4.400000
north-alabama-lions-at-arkansas-razorbacks-week-1,north-alabama-lions,redzone_touchdowns,4.000000
north-alabama-lions-at-arkansas-razorbacks-week-1,north-alabama-lions,redzone_attempts,4.000000
north-alabama-lions-at-arkansas-razorbacks-week-1,north-alabama-lions,seconds_of_possession,2128.000000
north-alabama-lions-at-arkansas-razorbacks-week-1,north-alabama-lions,total_drives,11.000000
north-alabama-lions-at-arkansas-razorbacks-week-1,north-alabama-lions,total_passing_yards,186.000000
north-alabama-lions-at-arkansas-razorbacks-week-1,north-alabama-lions,passing_completions,16.000000
north-alabama-lions-at-arkansas-razorbacks-week-1,north-alabama-lions,passing_attempts,27.000000
north-alabama-lions-at-arkansas-razorbacks-week-1,north-alabama-lions,yards_per_pass,6.900000
north-alabama-lions-at-arkansas-razorbacks-week-1,north-alabama-lions,passing_touchdowns,0.000000
north-alabama-lions-at-arkansas-razorbacks-week-1,north-alabama-lions,total_rushing_yards,131.000000
north-alabama-lions-at-arkansas-razorbacks-week-1,north-alabama-lions,rushing_attempts,45.000000
north-alabama-lions-at-arkansas-razorbacks-week-1,north-alabama-lions,yards_per_rush,2.900000
north-alabama-lions-at-arkansas-razorbacks-week-1,north-alabama-lions,rushing_touchdowns,2.000000
north-alabama-lions-at-arkansas-razorbacks-week-1,north-alabama-lions,sacks,1.000000
north-alabama-lions-at-arkansas-razorbacks-week-1,north-alabama-lions,tackles_for_loss,1.000000
north-alabama-lions-at-arkansas-razorbacks-week-1,north-alabama-lions,pass_deflections,1.000000
north-alabama-lions-at-arkansas-razorbacks-week-1,north-alabama-lions,total_turnovers,0.000000
north-alabama-lions-at-arkansas-razorbacks-week-1,north-alabama-lions,fumbles_lost,0.000000
north-alabama-lions-at-arkansas-razorbacks-week-1,north-alabama-lions,interceptions,0.000000
baylor-bears-at-auburn-tigers-week-1,baylor-bears,seconds_of_possession,1472.000000
baylor-bears-at-auburn-tigers-week-1,baylor-bears,total_drives,11.000000
baylor-bears-at-auburn-tigers-week-1,baylor-bears,total_plays,53.000000
baylor-bears-at-auburn-tigers-week-1,baylor-bears,total_yards,342.000000
baylor-bears-at-auburn-tigers-week-1,baylor-bears,yards_per_play,6.500000
baylor-bears-at-auburn-tigers-week-1,baylor-bears,redzone_touchdowns,1.000000
baylor-bears-at-auburn-tigers-week-1,baylor-bears,redzone_attempts,1.000000
baylor-bears-at-auburn-tigers-week-1,baylor-bears,passing_completions,19.000000
baylor-bears-at-auburn-tigers-week-1,baylor-bears,passing_attempts,32.000000
baylor-bears-at-auburn-tigers-week-1,baylor-bears,yards_per_pass,7.200000
baylor-bears-at-auburn-tigers-week-1,baylor-bears,passing_touchdowns,1.000000
baylor-bears-at-auburn-tigers-week-1,baylor-bears,total_passing_yards,232.000000
baylor-bears-at-auburn-tigers-week-1,baylor-bears,total_rushing_yards,110.000000
baylor-bears-at-auburn-tigers-week-1,baylor-bears,rushing_attempts,21.000000
baylor-bears-at-auburn-tigers-week-1,baylor-bears,yards_per_rush,5.200000
baylor-bears-at-auburn-tigers-week-1,baylor-bears,rushing_touchdowns,2.000000
baylor-bears-at-auburn-tigers-week-1,baylor-bears,sacks,3.000000
baylor-bears-at-auburn-tigers-week-1,baylor-bears,tackles_for_loss,5.000000
baylor-bears-at-auburn-tigers-week-1,baylor-bears,pass_deflections,0.000000
baylor-bears-at-auburn-tigers-week-1,baylor-bears,total_turnovers,1.000000
baylor-bears-at-auburn-tigers-week-1,baylor-bears,fumbles_lost,0.000000
baylor-bears-at-auburn-tigers-week-1,baylor-bears,interceptions,1.000000
baylor-bears-at-auburn-tigers-week-1,baylor-bears,total_passing_yards,186.000000
baylor-bears-at-auburn-tigers-week-1,baylor-bears,passing_completions,16.000000
baylor-bears-at-auburn-tigers-week-1,baylor-bears,passing_attempts,27.000000
baylor-bears-at-auburn-tigers-week-1,baylor-bears,yards_per_pass,6.900000
baylor-bears-at-auburn-tigers-week-1,baylor-bears,passing_touchdowns,0.000000
baylor-bears-at-auburn-tigers-week-1,baylor-bears,total_rushing_yards,131.000000
baylor-bears-at-auburn-tigers-week-1,baylor-bears,rushing_attempts,45.000000
baylor-bears-at-auburn-tigers-week-1,baylor-bears,yards_per_rush,2.900000
baylor-bears-at-auburn-tigers-week-1,baylor-bears,rushing_touchdowns,2.000000
baylor-bears-at-auburn-tigers-week-1,baylor-bears,sacks,1.000000
baylor-bears-at-auburn-tigers-week-1,baylor-bears,tackles_for_loss,1.000000
baylor-bears-at-auburn-tigers-week-1,baylor-bears,pass_deflections,1.000000
baylor-bears-at-auburn-tigers-week-1,baylor-bears,total_turnovers,0.000000
baylor-bears-at-auburn-tigers-week-1,baylor-bears,fumbles_lost,0.000000
baylor-bears-at-auburn-tigers-week-1,baylor-bears,interceptions,0.000000
baylor-bears-at-auburn-tigers-week-1,baylor-bears,total_drives,11.000000
baylor-bears-at-auburn-tigers-week-1,baylor-bears,total_plays,72.000000
baylor-bears-at-auburn-tigers-week-1,baylor-bears,total_yards,317.000000
baylor-bears-at-auburn-tigers-week-1,baylor-bears,yards_per_play,4.400000
baylor-bears-at-auburn-tigers-week-1,baylor-bears,redzone_touchdowns,4.000000
baylor-bears-at-auburn-tigers-week-1,baylor-bears,redzone_attempts,4.000000
baylor-bears-at-auburn-tigers-week-1,baylor-bears,seconds_of_possession,2128.000000
florida-atlantic-owls-at-florida-gators-week-1,florida-atlantic-owls,yards_per_rush,5.200000
florida-atlantic-owls-at-florida-gators-week-1,florida-atlantic-owls,rushing_touchdowns,2.000000
florida-atlantic-owls-at-florida-gators-week-1,florida-atlantic-owls,total_rushing_yards,110.000000
florida-atlantic-owls-at-florida-gators-week-1,florida-atlantic-owls,rushing_attempts,21.000000
florida-atlantic-owls-at-florida-gators-week-1,florida-atlantic-owls,sacks,3.000000
florida-atlantic-owls-at-florida-gators-week-1,florida-atlantic-owls,tackles_for_loss,5.000000
florida-atlantic-owls-at-florida-gators-week-1,florida-atlantic-owls,pass_deflections,0.000000
florida-atlantic-owls-at-florida-gators-week-1,florida-atlantic-owls,total_turnovers,1.000000
florida-atlantic-owls-at-florida-gators-week-1,florida-atlantic-owls,fumbles_lost,0.000000
florida-atlantic-owls-at-florida-gators-week-1,florida-atlantic-owls,interceptions,1.000000
florida-atlantic-owls-at-florida-gators-week-1,florida-atlantic-owls,seconds_of_possession,1472.000000
florida-atlantic-owls-at-florida-gators-week-1,florida-atlantic-owls,total_drives,11.000000
florida-atlantic-owls-at-florida-gators-week-1,florida-atlantic-owls,total_plays,53.000000
florida-atlantic-owls-at-florida-gators-week-1,florida-atlantic-owls,total_yards,342.000000
florida-atlantic-owls-at-florida-gators-week-1,florida-atlantic-owls,yards_per_play,6.500000
florida-atlantic-owls-at-florida-gators-week-1,florida-atlantic-owls,redzone_touchdowns,1.000000
florida-atlantic-owls-at-florida-gators-week-1,florida-atlantic-owls,redzone_attempts,1.000000
florida-atlantic-owls-at-florida-gators-week-1,florida-atlantic-owls,passing_touchdowns,1.000000
florida-atlantic-owls-at-florida-gators-week-1,florida-atlantic-owls,total_passing_yards,232.000000
florida-atlantic-owls-at-florida-gators-week-1,florida-atlantic-owls,passing_completions,19.000000
florida-atlantic-owls-at-florida-gators-week-1,florida-atlantic-owls,passing_attempts,32.000000
florida-atlantic-owls-at-florida-gators-week-1,florida-atlantic-owls,yards_per_pass,7.200000
florida-atlantic-owls-at-florida-gators-week-1,florida-atlantic-owls,total_rushing_yards,131.000000
florida-atlantic-owls-at-florida-gators-week-1,florida-atlantic-owls,rushing_attempts,45.000000
florida-atlantic-owls-at-florida-gators-week-1,florida-atlantic-owls,yards_per_rush,2.900000
florida-atlantic-owls-at-florida-gators-week-1,florida-atlantic-owls,rushing_touchdowns,2.000000
florida-atlantic-owls-at-florida-gators-week-1,florida-atlantic-owls,pass_deflections,1.000000
florida-atlantic-owls-at-florida-gators-week-1,florida-atlantic-owls,sacks,1.000000
florida-atlantic-owls-at-florida-gators-week-1,florida-atlantic-owls,tackles_for_loss,1.000000
florida-atlantic-owls-at-florida-gators-week-1,florida-atlantic-owls,interceptions,0.000000
florida-atlantic-owls-at-florida-gators-week-1,florida-atlantic-owls,total_turnovers,0.000000
florida-atlantic-owls-at-florida-gators-week-1,florida-atlantic-owls,fumbles_lost,0.000000
florida-atlantic-owls-at-florida-gators-week-1,florida-atlantic-owls,total_yards,317.000000
florida-atlantic-owls-at-florida-gators-week-1,florida-atlantic-owls,yards_per_play,4.400000
florida-atlantic-owls-at-florida-gators-week-1,florida-atlantic-owls,redzone_touchdowns,4.000000
florida-atlantic-owls-at-florida-gators-week-1,florida-atlantic-owls,redzone_attempts,4.000000
florida-atlantic-owls-at-florida-gators-week-1,florida-atlantic-owls,seconds_of_possession,2128.000000
florida-atlantic-owls-at-florida-gators-week-1,florida-atlantic-owls,total_drives,11.000000
florida-atlantic-owls-at-florida-gators-week-1,florida-atlantic-owls,total_plays,72.000000
florida-atlantic-owls-at-florida-gators-week-1,florida-atlantic-owls,total_passing_yards,186.000000
florida-atlantic-owls-at-florida-gators-week-1,florida-atlantic-owls,passing_completions,16.000000
florida-atlantic-owls-at-florida-gators-week-1,florida-atlantic-owls,passing_attempts,27.000000
florida-atlantic-owls-at-florida-gators-week-1,florida-atlantic-owls,yards_per_pass,6.900000
florida-atlantic-owls-at-florida-gators-week-1,florida-atlantic-owls,passing_touchdowns,0.000000
tennessee-state-tigers-at-georgia-bulldogs-week-1,tennessee-state-tigers,pass_deflections,0.000000
tennessee-state-tigers-at-georgia-bulldogs-week-1,tennessee-state-tigers,sacks,3.000000
tennessee-state-tigers-at-georgia-bulldogs-week-1,tennessee-state-tigers,tackles_for_loss,5.000000
tennessee-state-tigers-at-georgia-bulldogs-week-1,tennessee-state-tigers,total_turnovers,1.000000
tennessee-state-tigers-at-georgia-bulldogs-week-1,tennessee-state-tigers,fumbles_lost,0.000000
tennessee-state-tigers-at-georgia-bulldogs-week-1,tennessee-state-tigers,interceptions,1.000000
tennessee-state-tigers-at-georgia-bulldogs-week-1,tennessee-state-tigers,seconds_of_possession,1472.000000
tennessee-state-tigers-at-georgia-bulldogs-week-1,tennessee-state-tigers,total_drives,11.000000
tennessee-state-tigers-at-georgia-bulldogs-week-1,tennessee-state-tigers,total_plays,53.000000
tennessee-state-tigers-at-georgia-bulldogs-week-1,tennessee-state-tigers,total_yards,342.000000
tennessee-state-tigers-at-georgia-bulldogs-week-1,tennessee-state-tigers,yards_per_play,6.500000
tennessee-state-tigers-at-georgia-bulldogs-week-1,tennessee-state-tigers,redzone_touchdowns,1.000000
tennessee-state-tigers-at-georgia-bulldogs-week-1,tennessee-state-tigers,redzone_attempts,1.000000
tennessee-state-tigers-at-georgia-bulldogs-week-1,tennessee-state-tigers,total_passing_yards,232.000000
tennessee-state-tigers-at-georgia-bulldogs-week-1,tennessee-state-tigers,passing_completions,19.000000
tennessee-state-tigers-at-georgia-bulldogs-week-1,tennessee-state-tigers,passing_attempts,32.000000
tennessee-state-tigers-at-georgia-bulldogs-week-1,tennessee-state-tigers,yards_per_pass,7.200000
tennessee-state-tigers-at-georgia-bulldogs-week-1,tennessee-state-tigers,passing_touchdowns,1.000000
tennessee-state-tigers-at-georgia-bulldogs-week-1,tennessee-state-tigers,total_rushing_yards,110.000000
tennessee-state-tigers-at-georgia-bulldogs-week-1,tennessee-state-tigers,rushing_attempts,21.000000
tennessee-state-tigers-at-georgia-bulldogs-week-1,tennessee-state-tigers,yards_per_rush,5.200000
tennessee-state-tigers-at-georgia-bulldogs-week-1,tennessee-state-tigers,rushing_touchdowns,2.000000
tennessee-state-tigers-at-georgia-bulldogs-week-1,tennessee-state-tigers,passing_attempts,27.000000
tennessee-state-tigers-at-georgia-bulldogs-week-1,tennessee-state-tigers,yards_per_pass,6.900000
tennessee-state-tigers-at-georgia-bulldogs-week-1,tennessee-state-tigers,passing_touchdowns,0.000000
tennessee-state-tigers-at-georgia-bulldogs-week-1,tennessee-state-tigers,total_passing_yards,186.000000
tennessee-state-tigers-at-georgia-bulldogs-week-1,tennessee-state-tigers,passing_completions,16.000000
tennessee-state-tigers-at-georgia-bulldogs-week-1,tennessee-state-tigers,total_rushing_yards,131.000000
tennessee-state-tigers-at-georgia-bulldogs-week-1,tennessee-state-tigers,rushing_attempts,45.000000
tennessee-state-tigers-at-georgia-bulldogs-week-1,tennessee-state-tigers,yards_per_rush,2.900000
tennessee-state-tigers-at-georgia-bulldogs-week-1,tennessee-state-tigers,rushing_touchdowns,2.000000
tennessee-state-tigers-at-georgia-bulldogs-week-1,tennessee-state-tigers,sacks,1.000000
tennessee-state-tigers-at-georgia-bulldogs-week-1,tennessee-state-tigers,tackles_for_loss,1.000000
tennessee-state-tigers-at-georgia-bulldogs-week-1,tennessee-state-tigers,pass_deflections,1.000000
tennessee-state-tigers-at-georgia-bulldogs-week-1,tennessee-state-tigers,total_turnovers,0.000000
tennessee-state-tigers-at-georgia-bulldogs-week-1,tennessee-state-tigers,fumbles_lost,0.000000
tennessee-state-tigers-at-georgia-bulldogs-week-1,tennessee-state-tigers,interceptions,0.000000
tennessee-state-tigers-at-georgia-bulldogs-week-1,tennessee-state-tigers,total_yards,317.000000
tennessee-state-tigers-at-georgia-bulldogs-week-1,tennessee-state-tigers,yards_per_play,4.400000
tennessee-state-tigers-at-georgia-bulldogs-week-1,tennessee-state-tigers,redzone_touchdowns,4.000000
tennessee-state-tigers-at-georgia-bulldogs-week-1,tennessee-state-tigers,redzone_attempts,4.000000
tennessee-state-tigers-at-georgia-bulldogs-week-1,tennessee-state-tigers,seconds_of_possession,2128.000000
tennessee-state-tigers-at-georgia-bulldogs-week-1,tennessee-state-tigers,total_drives,11.000000
tennessee-state-tigers-at-georgia-bulldogs-week-1,tennessee-state-tigers,total_plays,72.000000
youngstown-state-penguins-at-kentucky-wildcats-week-1,youngstown-state-penguins,sacks,3.000000
youngstown-state-penguins-at-kentucky-wildcats-week-1,youngstown-state-penguins,tackles_for_loss,5.000000
youngstown-state-penguins-at-kentucky-wildcats-week-1,youngstown-state-penguins,pass_deflections,0.000000
youngstown-state-penguins-at-kentucky-wildcats-week-1,youngstown-state-penguins,fumbles_lost,0.000000
youngstown-state-penguins-at-kentucky-wildcats-week-1,youngstown-state-penguins,interceptions,1.000000
youngstown-state-penguins-at-kentucky-wildcats-week-1,youngstown-state-penguins,total_turnovers,1.000000
youngstown-state-penguins-at-kentucky-wildcats-week-1,youngstown-state-penguins,yards_per_play,6.500000
youngstown-state-penguins-at-kentucky-wildcats-week-1,youngstown-state-penguins,redzone_touchdowns,1.000000
youngstown-state-penguins-at-kentucky-wildcats-week-1,youngstown-state-penguins,redzone_attempts,1.000000
youngstown-state-penguins-at-kentucky-wildcats-week-1,youngstown-state-penguins,seconds_of_possession,1472.000000
youngstown-state-penguins-at-kentucky-wildcats-week-1,youngstown-state-penguins,total_drives,11.000000
youngstown-state-penguins-at-kentucky-wildcats-week-1,youngstown-state-penguins,total_plays,53.000000
youngstown-state-penguins-at-kentucky-wildcats-week-1,youngstown-state-penguins,total_yards,342.000000
youngstown-state-penguins-at-kentucky-wildcats-week-1,youngstown-state-penguins,total_passing_yards,232.000000
youngstown-state-penguins-at-kentucky-wildcats-week-1,youngstown-state-penguins,passing_completions,19.000000
youngstown-state-penguins-at-kentucky-wildcats-week-1,youngstown-state-penguins,passing_attempts,32.000000
youngstown-state-penguins-at-kentucky-wildcats-week-1,youngstown-state-penguins,yards_per_pass,7.200000
youngstown-state-penguins-at-kentucky-wildcats-week-1,youngstown-state-penguins,passing_touchdowns,1.000000
youngstown-state-penguins-at-kentucky-wildcats-week-1,youngstown-state-penguins,total_rushing_yards,110.000000
youngstown-state-penguins-at-kentucky-wildcats-week-1,youngstown-state-penguins,rushing_attempts,21.000000
youngstown-state-penguins-at-kentucky-wildcats-week-1,youngstown-state-penguins,yards_per_rush,5.200000
youngstown-state-penguins-at-kentucky-wildcats-week-1,youngstown-state-penguins,rushing_touchdowns,2.000000
youngstown-state-penguins-at-kentucky-wildcats-week-1,youngstown-state-penguins,rushing_touchdowns,2.000000
youngstown-state-penguins-at-kentucky-wildcats-week-1,youngstown-state-penguins,total_rushing_yards,131.000000
youngstown-state-penguins-at-kentucky-wildcats-week-1,youngstown-state-penguins,rushing_attempts,45.000000
youngstown-state-penguins-at-kentucky-wildcats-week-1,youngstown-state-penguins,yards_per_rush,2.900000
youngstown-state-penguins-at-kentucky-wildcats-week-1,youngstown-state-penguins,sacks,1.000000
youngstown-state-penguins-at-kentucky-wildcats-week-1,youngstown-state-penguins,tackles_for_loss,1.000000
youngstown-state-penguins-at-kentucky-wildcats-week-1,youngstown-state-penguins,pass_deflections,1.000000
youngstown-state-penguins-at-kentucky-wildcats-week-1,youngstown-state-penguins,total_turnovers,0.000000
youngstown-state-penguins-at-kentucky-wildcats-week-1,youngstown-state-penguins,fumbles_lost,0.000000
youngstown-state-penguins-at-kentucky-wildcats-week-1,youngstown-state-penguins,interceptions,0.000000
youngstown-state-penguins-at-kentucky-wildcats-week-1,youngstown-state-penguins,yards_per_play,4.400000
youngstown-state-penguins-at-kentucky-wildcats-week-1,youngstown-state-penguins,redzone_touchdowns,4.000000
youngstown-state-penguins-at-kentucky-wildcats-week-1,youngstown-state-penguins,redzone_attempts,4.000000
youngstown-state-penguins-at-kentucky-wildcats-week-1,youngstown-state-penguins,seconds_of_possession,2128.000000
youngstown-state-penguins-at-kentucky-wildcats-week-1,youngstown-state-penguins,total_drives,11.000000
youngstown-state-penguins-at-kentucky-wildcats-week-1,youngstown-state-penguins,total_plays,72.000000
youngstown-state-penguins-at-kentucky-wildcats-week-1,youngstown-state-penguins,total_yards,317.000000
youngstown-state-penguins-at-kentucky-wildcats-week-1,youngstown-state-penguins,total_passing_yards,186.000000
youngstown-state-penguins-at-kentucky-wildcats-week-1,youngstown-state-penguins,passing_completions,16.000000
youngstown-state-penguins-at-kentucky-wildcats-week-1,youngstown-state-penguins,passing_attempts,27.000000
youngstown-state-penguins-at-kentucky-wildcats-week-1,youngstown-state-penguins,yards_per_pass,6.900000
youngstown-state-penguins-at-kentucky-wildcats-week-1,youngstown-state-penguins,passing_touchdowns,0.000000
clemson-tigers-at-lsu-tigers-week-1,clemson-tigers,total_turnovers,1.000000
clemson-tigers-at-lsu-tigers-week-1,clemson-tigers,fumbles_lost,0.000000
clemson-tigers-at-lsu-tigers-week-1,clemson-tigers,interceptions,1.000000
clemson-tigers-at-lsu-tigers-week-1,clemson-tigers,yards_per_play,6.500000
clemson-tigers-at-lsu-tigers-week-1,clemson-tigers,redzone_touchdowns,1.000000
clemson-tigers-at-lsu-tigers-week-1,clemson-tigers,redzone_attempts,1.000000
clemson-tigers-at-lsu-tigers-week-1,clemson-tigers,seconds_of_possession,1472.000000
clemson-tigers-at-lsu-tigers-week-1,clemson-tigers,total_drives,11.000000
clemson-tigers-at-lsu-tigers-week-1,clemson-tigers,total_plays,53.000000
clemson-tigers-at-lsu-tigers-week-1,clemson-tigers,total_yards,342.000000
clemson-tigers-at-lsu-tigers-week-1,clemson-tigers,passing_attempts,32.000000
clemson-tigers-at-lsu-tigers-week-1,clemson-tigers,yards_per_pass,7.200000
clemson-tigers-at-lsu-tigers-week-1,clemson-tigers,passing_touchdowns,1.000000
clemson-tigers-at-lsu-tigers-week-1,clemson-tigers,total_passing_yards,232.000000
clemson-tigers-at-lsu-tigers-week-1,clemson-tigers,passing_completions,19.000000
clemson-tigers-at-lsu-tigers-week-1,clemson-tigers,rushing_attempts,21.000000
clemson-tigers-at-lsu-tigers-week-1,clemson-tigers,yards_per_rush,5.200000
clemson-tigers-at-lsu-tigers-week-1,clemson-tigers,rushing_touchdowns,2.000000
clemson-tigers-at-lsu-tigers-week-1,clemson-tigers,total_rushing_yards,110.000000
clemson-tigers-at-lsu-tigers-week-1,clemson-tigers,sacks,3.000000
clemson-tigers-at-lsu-tigers-week-1,clemson-tigers,tackles_for_loss,5.000000
clemson-tigers-at-lsu-tigers-week-1,clemson-tigers,pass_deflections,0.000000
clemson-tigers-at-lsu-tigers-week-1,clemson-tigers,redzone_attempts,4.000000
clemson-tigers-at-lsu-tigers-week-1,clemson-tigers,seconds_of_possession,2128.000000
clemson-tigers-at-lsu-tigers-week-1,clemson-tigers,total_drives,11.000000
clemson-tigers-at-lsu-tigers-week-1,clemson-tigers,total_plays,72.000000
clemson-tigers-at-lsu-tigers-week-1,clemson-tigers,total_yards,317.000000
clemson-tigers-at-lsu-tigers-week-1,clemson-tigers,yards_per_play,4.400000
clemson-tigers-at-lsu-tigers-week-1,clemson-tigers,redzone_touchdowns,4.000000
clemson-tigers-at-lsu-tigers-week-1,clemson-tigers,yards_per_pass,6.900000
clemson-tigers-at-lsu-tigers-week-1,clemson-tigers,passing_touchdowns,0.000000
clemson-tigers-at-lsu-tigers-week-1,clemson-tigers,total_passing_yards,186.000000
clemson-tigers-at-lsu-tigers-week-1,clemson-tigers,passing_completions,16.000000
clemson-tigers-at-lsu-tigers-week-1,clemson-tigers,passing_attempts,27.000000
clemson-tigers-at-lsu-tigers-week-1,clemson-tigers,total_rushing_yards,131.000000
clemson-tigers-at-lsu-tigers-week-1,clemson-tigers,rushing_attempts,45.000000
clemson-tigers-at-lsu-tigers-week-1,clemson-tigers,yards_per_rush,2.900000
clemson-tigers-at-lsu-tigers-week-1,clemson-tigers,rushing_touchdowns,2.000000
clemson-tigers-at-lsu-tigers-week-1,clemson-tigers,sacks,1.000000
clemson-tigers-at-lsu-tigers-week-1,clemson-tigers,tackles_for_loss,1.000000
clemson-tigers-at-lsu-tigers-week-1,clemson-tigers,pass_deflections,1.000000
clemson-tigers-at-lsu-tigers-week-1,clemson-tigers,total_turnovers,0.000000
clemson-tigers-at-lsu-tigers-week-1,clemson-tigers,fumbles_lost,0.000000
clemson-tigers-at-lsu-tigers-week-1,clemson-tigers,interceptions,0.000000
louisville-cardinals-at-ole-miss-rebels-week-1,louisville-cardinals,pass_deflections,0.000000
louisville-cardinals-at-ole-miss-rebels-week-1,louisville-cardinals,sacks,3.000000
louisville-cardinals-at-ole-miss-rebels-week-1,louisville-cardinals,tackles_for_loss,5.000000
louisville-cardinals-at-ole-miss-rebels-week-1,louisville-cardinals,total_turnovers,1.000000
louisville-cardinals-at-ole-miss-rebels-week-1,louisville-cardinals,fumbles_lost,0.000000
louisville-cardinals-at-ole-miss-rebels-week-1,louisville-cardinals,interceptions,1.000000
louisville-cardinals-at-ole-miss-rebels-week-1,louisville-cardinals,yards_per_play,6.500000
louisville-cardinals-at-ole-miss-rebels-week-1,louisville-cardinals,redzone_touchdowns,1.000000
louisville-cardinals-at-ole-miss-rebels-week-1,louisville-cardinals,redzone_attempts,1.000000
louisville-cardinals-at-ole-miss-rebels-week-1,louisville-cardinals,seconds_of_possession,1472.000000
louisville-cardinals-at-ole-miss-rebels-week-1,louisville-cardinals,total_drives,11.000000
louisville-cardinals-at-ole-miss-rebels-week-1,louisville-cardinals,total_plays,53.000000
louisville-cardinals-at-ole-miss-rebels-week-1,louisville-cardinals,total_yards,342.000000
louisville-cardinals-at-ole-miss-rebels-week-1,louisville-cardinals,total_passing_yards,232.000000
louisville-cardinals-at-ole-miss-rebels-week-1,louisville-cardinals,passing_completions,19.000000
louisville-cardinals-at-ole-miss-rebels-week-1,louisville-cardinals,passing_attempts,32.000000
louisville-cardinals-at-ole-miss-rebels-week-1,louisville-cardinals,yards_per_pass,7.200000
louisville-cardinals-at-ole-miss-rebels-week-1,louisville-cardinals,passing_touchdowns,1.000000
louisville-cardinals-at-ole-miss-rebels-week-1,louisville-cardinals,total_rushing_yards,110.000000
louisville-cardinals-at-ole-miss-rebels-week-1,louisville-cardinals,rushing_attempts,21.000000
louisville-cardinals-at-ole-miss-rebels-week-1,louisville-cardinals,yards_per_rush,5.200000
louisville-cardinals-at-ole-miss-rebels-week-1,louisville-cardinals,rushing_touchdowns,2.000000
louisville-cardinals-at-ole-miss-rebels-week-1,louisville-cardinals,sacks,1.000000
louisville-cardinals-at-ole-miss-rebels-week-1,louisville-cardinals,tackles_for_loss,1.000000
louisville-cardinals-at-ole-miss-rebels-week-1,louisville-cardinals,pass_deflections,1.000000
louisville-cardinals-at-ole-miss-rebels-week-1,louisville-cardinals,total_turnovers,0.000000
louisville-cardinals-at-ole-miss-rebels-week-1,louisville-cardinals,fumbles_lost,0.000000
louisville-cardinals-at-ole-miss-rebels-week-1,louisville-cardinals,interceptions,0.000000
louisville-cardinals-at-ole-miss-rebels-week-1,louisville-cardinals,total_yards,317.000000
louisville-cardinals-at-ole-miss-rebels-week-1,louisville-cardinals,yards_per_play,4.400000
louisville-cardinals-at-ole-miss-rebels-week-1,louisville-cardinals,redzone_touchdowns,4.000000
louisville-cardinals-at-ole-miss-rebels-week-1,louisville-cardinals,redzone_attempts,4.000000
louisville-cardinals-at-ole-miss-rebels-week-1,louisville-cardinals,seconds_of_possession,2128.000000
louisville-cardinals-at-ole-miss-rebels-week-1,louisville-cardinals,total_drives,11.000000
louisville-cardinals-at-ole-miss-rebels-week-1,louisville-cardinals,total_plays,72.000000
louisville-cardinals-at-ole-miss-rebels-week-1,louisville-cardinals,total_passing_yards,186.000000
louisville-cardinals-at-ole-miss-rebels-week-1,louisville-cardinals,passing_completions,16.000000
louisville-cardinals-at-ole-miss-rebels-week-1,louisville-cardinals,passing_attempts,27.000000
louisville-cardinals-at-ole-miss-rebels-week-1,louisville-cardinals,yards_per_pass,6.900000
louisville-cardinals-at-ole-miss-rebels-week-1,louisville-cardinals,passing_touchdowns,0.000000
louisville-cardinals-at-ole-miss-rebels-week-1,louisville-cardinals,total_rushing_yards,131.000000
louisville-cardinals-at-ole-miss-rebels-week-1,louisville-cardinals,rushing_attempts,45.000000
louisville-cardinals-at-ole-miss-rebels-week-1,louisville-cardinals,yards_per_rush,2.900000
louisville-cardinals-at-ole-miss-rebels-week-1,louisville-cardinals,rushing_touchdowns,2.000000
ul-monroe-warhawks-at-mississippi-state-bulldogs-week-1,ul-monroe-warhawks,redzone_attempts,1.000000
ul-monroe-warhawks-at-mississippi-state-bulldogs-week-1,ul-monroe-warhawks,seconds_of_possession,1472.000000
ul-monroe-warhawks-at-mississippi-state-bulldogs-week-1,ul-monroe-warhawks,total_drives,11.000000
ul-monroe-warhawks-at-mississippi-state-bulldogs-week-1,ul-monroe-warhawks,total_plays,53.000000
ul-monroe-warhawks-at-mississippi-state-bulldogs-week-1,ul-monroe-warhawks,total_yards,342.000000
ul-monroe-warhawks-at-mississippi-state-bulldogs-week-1,ul-monroe-warhawks,yards_per_play,6.500000
ul-monroe-warhawks-at-mississippi-state-bulldogs-week-1,ul-monroe-warhawks,redzone_touchdowns,1.000000
ul-monroe-warhawks-at-mississippi-state-bulldogs-week-1,ul-monroe-warhawks,passing_attempts,32.000000
ul-monroe-warhawks-at-mississippi-state-bulldogs-week-1,ul-monroe-warhawks,yards_per_pass,7.200000
ul-monroe-warhawks-at-mississippi-state-bulldogs-week-1,ul-monroe-warhawks,passing_touchdowns,1.000000
ul-monroe-warhawks-at-mississippi-state-bulldogs-week-1,ul-monroe-warhawks,total_passing_yards,232.000000
ul-monroe-warhawks-at-mississippi-state-bulldogs-week-1,ul-monroe-warhawks,passing_completions,19.000000
ul-monroe-warhawks-at-mississippi-state-bulldogs-week-1,ul-monroe-warhawks,yards_per_rush,5.200000
ul-monroe-warhawks-at-mississippi-state-bulldogs-week-1,ul-monroe-warhawks,rushing_touchdowns,2.000000
ul-monroe-warhawks-at-mississippi-state-bulldogs-week-1,ul-monroe-warhawks,total_rushing_yards,110.000000
ul-monroe-warhawks-at-mississippi-state-bulldogs-week-1,ul-monroe-warhawks,rushing_attempts,21.000000
ul-monroe-warhawks-at-mississippi-state-bulldogs-week-1,ul-monroe-warhawks,tackles_for_loss,5.000000
ul-monroe-warhawks-at-mississippi-state-bulldogs-week-1,ul-monroe-warhawks,pass_deflections,0.000000
ul-monroe-warhawks-at-mississippi-state-bulldogs-week-1,ul-monroe-warhawks,sacks,3.000000
ul-monroe-warhawks-at-mississippi-state-bulldogs-week-1,ul-monroe-warhawks,total_turnovers,1.000000
ul-monroe-warhawks-at-mississippi-state-bulldogs-week-1,ul-monroe-warhawks,fumbles_lost,0.000000
ul-monroe-warhawks-at-mississippi-state-bulldogs-week-1,ul-monroe-warhawks,interceptions,1.000000
ul-monroe-warhawks-at-mississippi-state-bulldogs-week-1,ul-monroe-warhawks,tackles_for_loss,1.000000
ul-monroe-warhawks-at-mississippi-state-bulldogs-week-1,ul-monroe-warhawks,pass_deflections,1.000000
ul-monroe-warhawks-at-mississippi-state-bulldogs-week-1,ul-monroe-warhawks,sacks,1.000000
ul-monroe-warhawks-at-mississippi-state-bulldogs-week-1,ul-monroe-warhawks,total_turnovers,0.000000
ul-monroe-warhawks-at-mississippi-state-bulldogs-week-1,ul-monroe-warhawks,fumbles_lost,0.000000
ul-monroe-warhawks-at-mississippi-state-bulldogs-week-1,ul-monroe-warhawks,interceptions,0.000000
ul-monroe-warhawks-at-mississippi-state-bulldogs-week-1,ul-monroe-warhawks,redzone_attempts,4.000000
ul-monroe-warhawks-at-mississippi-state-bulldogs-week-1,ul-monroe-warhawks,seconds_of_possession,2128.000000
ul-monroe-warhawks-at-mississippi-state-bulldogs-week-1,ul-monroe-warhawks,total_drives,11.000000
ul-monroe-warhawks-at-mississippi-state-bulldogs-week-1,ul-monroe-warhawks,total_plays,72.000000
ul-monroe-warhawks-at-mississippi-state-bulldogs-week-1,ul-monroe-warhawks,total_yards,317.000000
ul-monroe-warhawks-at-mississippi-state-bulldogs-week-1,ul-monroe-warhawks,yards_per_play,4.400000
ul-monroe-warhawks-at-mississippi-state-bulldogs-week-1,ul-monroe-warhawks,redzone_touchdowns,4.000000
ul-monroe-warhawks-at-mississippi-state-bulldogs-week-1,ul-monroe-warhawks,passing_completions,16.000000
ul-monroe-warhawks-at-mississippi-state-bulldogs-week-1,ul-monroe-warhawks,passing_attempts,27.000000
ul-monroe-warhawks-at-mississippi-state-bulldogs-week-1,ul-monroe-warhawks,yards_per_pass,6.900000
ul-monroe-warhawks-at-mississippi-state-bulldogs-week-1,ul-monroe-warhawks,passing_touchdowns,0.000000
ul-monroe-warhawks-at-mississippi-state-bulldogs-week-1,ul-monroe-warhawks,total_passing_yards,186.000000
ul-monroe-warhawks-at-mississippi-state-bulldogs-week-1,ul-monroe-warhawks,total_rushing_yards,131.000000
ul-monroe-warhawks-at-mississippi-state-bulldogs-week-1,ul-monroe-warhawks,rushing_attempts,45.000000
ul-monroe-warhawks-at-mississippi-state-bulldogs-week-1,ul-monroe-warhawks,yards_per_rush,2.900000
ul-monroe-warhawks-at-mississippi-state-bulldogs-week-1,ul-monroe-warhawks,rushing_touchdowns,2.000000
arkansas-pine-bluff-golden-lions-at-missouri-tigers-week-1,arkansas-pine-bluff-golden-lions,sacks,3.000000
arkansas-pine-bluff-golden-lions-at-missouri-tigers-week-1,arkansas-pine-bluff-golden-lions,tackles_for_loss,5.000000
arkansas-pine-bluff-golden-lions-at-missouri-tigers-week-1,arkansas-pine-bluff-golden-lions,pass_deflections,0.000000
arkansas-pine-bluff-golden-lions-at-missouri-tigers-week-1,arkansas-pine-bluff-golden-lions,total_turnovers,1.000000
arkansas-pine-bluff-golden-lions-at-missouri-tigers-week-1,arkansas-pine-bluff-golden-lions,fumbles_lost,0.000000
arkansas-pine-bluff-golden-lions-at-missouri-tigers-week-1,arkansas-pine-bluff-golden-lions,interceptions,1.000000
arkansas-pine-bluff-golden-lions-at-missouri-tigers-week-1,arkansas-pine-bluff-golden-lions,total_yards,342.000000
arkansas-pine-bluff-golden-lions-at-missouri-tigers-week-1,arkansas-pine-bluff-golden-lions,yards_per_play,6.500000
arkansas-pine-bluff-golden-lions-at-missouri-tigers-week-1,arkansas-pine-bluff-golden-lions,redzone_touchdowns,1.000000
arkansas-pine-bluff-golden-lions-at-missouri-tigers-week-1,arkansas-pine-bluff-golden-lions,redzone_attempts,1.000000
arkansas-pine-bluff-golden-lions-at-missouri-tigers-week-1,arkansas-pine-bluff-golden-lions,seconds_of_possession,1472.000000
arkansas-pine-bluff-golden-lions-at-missouri-tigers-week-1,arkansas-pine-bluff-golden-lions,total_drives,11.000000
arkansas-pine-bluff-golden-lions-at-missouri-tigers-week-1,arkansas-pine-bluff-golden-lions,total_plays,53.000000
arkansas-pine-bluff-golden-lions-at-missouri-tigers-week-1,arkansas-pine-bluff-golden-lions,total_passing_yards,232.000000
arkansas-pine-bluff-golden-lions-at-missouri-tigers-week-1,arkansas-pine-bluff-golden-lions,passing_completions,19.000000
arkansas-pine-bluff-golden-lions-at-missouri-tigers-week-1,arkansas-pine-bluff-golden-lions,passing_attempts,32.000000
arkansas-pine-bluff-golden-lions-at-missouri-tigers-week-1,arkansas-pine-bluff-golden-lions,yards_per_pass,7.200000
arkansas-pine-bluff-golden-lions-at-missouri-tigers-week-1,arkansas-pine-bluff-golden-lions,passing_touchdowns,1.000000
arkansas-pine-bluff-golden-lions-at-missouri-tigers-week-1,arkansas-pine-bluff-golden-lions,total_rushing_yards,110.000000
arkansas-pine-bluff-golden-lions-at-missouri-tigers-week-1,arkansas-pine-bluff-golden-lions,rushing_attempts,21.000000
arkansas-pine-bluff-golden-lions-at-missouri-tigers-week-1,arkansas-pine-bluff-golden-lions,yards_per_rush,5.200000
arkansas-pine-bluff-golden-lions-at-missouri-tigers-week-1,arkansas-pine-bluff-golden-lions,rushing_touchdowns,2.000000
arkansas-pine-bluff-golden-lions-at-missouri-tigers-week-1,arkansas-pine-bluff-golden-lions,seconds_of_possession,2128.000000
arkansas-pine-bluff-golden-lions-at-missouri-tigers-week-1,arkansas-pine-bluff-golden-lions,total_drives,11.000000
arkansas-pine-bluff-golden-lions-at-missouri-tigers-week-1,arkansas-pine-bluff-golden-lions,total_plays,72.000000
arkansas-pine-bluff-golden-lions-at-missouri-tigers-week-1,arkansas-pine-bluff-golden-lions,total_yards,317.000000
arkansas-pine-bluff-golden-lions-at-missouri-tigers-week-1,arkansas-pine-bluff-golden-lions,yards_per_play,4.400000
arkansas-pine-bluff-golden-lions-at-missouri-tigers-week-1,arkansas-pine-bluff-golden-lions,redzone_touchdowns,4.000000
arkansas-pine-bluff-golden-lions-at-missouri-tigers-week-1,arkansas-pine-bluff-golden-lions,redzone_attempts,4.000000
arkansas-pine-bluff-golden-lions-at-missouri-tigers-week-1,arkansas-pine-bluff-golden-lions,passing_touchdowns,0.000000
arkansas-pine-bluff-golden-lions-at-missouri-tigers-week-1,arkansas-pine-bluff-golden-lions,total_passing_yards,186.000000
arkansas-pine-bluff-golden-lions-at-missouri-tigers-week-1,arkansas-pine-bluff-golden-lions,passing_completions,16.000000
arkansas-pine-bluff-golden-lions-at-missouri-tigers-week-1,arkansas-pine-bluff-golden-lions,passing_attempts,27.000000
arkansas-pine-bluff-golden-lions-at-missouri-tigers-week-1,arkansas-pine-bluff-golden-lions,yards_per_pass,6.900000
arkansas-pine-bluff-golden-lions-at-missouri-tigers-week-1,arkansas-pine-bluff-golden-lions,total_rushing_yards,131.000000
arkansas-pine-bluff-golden-lions-at-missouri-tigers-week-1,arkansas-pine-bluff-golden-lions,rushing_attempts,45.000000
arkansas-pine-bluff-golden-lions-at-missouri-tigers-week-1,arkansas-pine-bluff-golden-lions,yards_per_rush,2.900000
arkansas-pine-bluff-golden-lions-at-missouri-tigers-week-1,arkansas-pine-bluff-golden-lions,rushing_touchdowns,2.000000
arkansas-pine-bluff-golden-lions-at-missouri-tigers-week-1,arkansas-pine-bluff-golden-lions,sacks,1.000000
arkansas-pine-bluff-golden-lions-at-missouri-tigers-week-1,arkansas-pine-bluff-golden-lions,tackles_for_loss,1.000000
arkansas-pine-bluff-golden-lions-at-missouri-tigers-week-1,arkansas-pine-bluff-golden-lions,pass_deflections,1.000000
arkansas-pine-bluff-golden-lions-at-missouri-tigers-week-1,arkansas-pine-bluff-golden-lions,total_turnovers,0.000000
arkansas-pine-bluff-golden-lions-at-missouri-tigers-week-1,arkansas-pine-bluff-golden-lions,fumbles_lost,0.000000
arkansas-pine-bluff-golden-lions-at-missouri-tigers-week-1,arkansas-pine-bluff-golden-lions,interceptions,0.000000
utep-miners-at-oklahoma-sooners-week-1,utep-miners,redzone_touchdowns,1.000000
utep-miners-at-oklahoma-sooners-week-1,utep-miners,redzone_attempts,1.000000
utep-miners-at-oklahoma-sooners-week-1,utep-miners,seconds_of_possession,1472.000000
utep-miners-at-oklahoma-sooners-week-1,utep-miners,total_drives,11.000000
utep-miners-at-oklahoma-sooners-week-1,utep-miners,total_plays,53.000000
utep-miners-at-oklahoma-sooners-week-1,utep-miners,total_yards,342.000000
utep-miners-at-oklahoma-sooners-week-1,utep-miners,yards_per_play,6.500000
utep-miners-at-oklahoma-sooners-week-1,utep-miners,passing_attempts,32.000000
utep-miners-at-oklahoma-sooners-week-1,utep-miners,yards_per_pass,7.200000
utep-miners-at-oklahoma-sooners-week-1,utep-miners,passing_touchdowns,1.000000
utep-miners-at-oklahoma-sooners-week-1,utep-miners,total_passing_yards,232.000000
utep-miners-at-oklahoma-sooners-week-1,utep-miners,passing_completions,19.000000
utep-miners-at-oklahoma-sooners-week-1,utep-miners,total_rushing_yards,110.000000
utep-miners-at-oklahoma-sooners-week-1,utep-miners,rushing_attempts,21.000000
utep-miners-at-oklahoma-sooners-week-1,utep-miners,yards_per_rush,5.200000
utep-miners-at-oklahoma-sooners-week-1,utep-miners,rushing_touchdowns,2.000000
utep-miners-at-oklahoma-sooners-week-1,utep-miners,sacks,3.000000
utep-miners-at-oklahoma-sooners-week-1,utep-miners,tackles_for_loss,5.000000
utep-miners-at-oklahoma-sooners-week-1,utep-miners,pass_deflections,0.000000
utep-miners-at-oklahoma-sooners-week-1,utep-miners,total_turnovers,1.000000
utep-miners-at-oklahoma-sooners-week-1,utep-miners,fumbles_lost,0.000000
utep-miners-at-oklahoma-sooners-week-1,utep-miners,interceptions,1.000000
utep-miners-at-oklahoma-sooners-week-1,utep-miners,redzone_attempts,4.000000
utep-miners-at-oklahoma-sooners-week-1,utep-miners,seconds_of_possession,2128.000000
utep-miners-at-oklahoma-sooners-week-1,utep-miners,total_drives,11.000000
utep-miners-at-oklahoma-sooners-week-1,utep-miners,total_plays,72.000000
utep-miners-at-oklahoma-sooners-week-1,utep-miners,total_yards,317.000000
utep-miners-at-oklahoma-sooners-week-1,utep-miners,yards_per_play,4.400000
utep-miners-at-oklahoma-sooners-week-1,utep-miners,redzone_touchdowns,4.000000
utep-miners-at-oklahoma-sooners-week-1,utep-miners,passing_attempts,27.000000
utep-miners-at-oklahoma-sooners-week-1,utep-miners,yards_per_pass,6.900000
utep-miners-at-oklahoma-sooners-week-1,utep-miners,passing_touchdowns,0.000000
utep-miners-at-oklahoma-sooners-week-1,utep-miners,total_passing_yards,186.000000
utep-miners-at-oklahoma-sooners-week-1,utep-miners,passing_completions,16.000000
utep-miners-at-oklahoma-sooners-week-1,utep-miners,total_rushing_yards,131.000000
utep-miners-at-oklahoma-sooners-week-1,utep-miners,rushing_attempts,45.000000
utep-miners-at-oklahoma-sooners-week-1,utep-miners,yards_per_rush,2.900000
utep-miners-at-oklahoma-sooners-week-1,utep-miners,rushing_touchdowns,2.000000
utep-miners-at-oklahoma-sooners-week-1,utep-miners,pass_deflections,1.000000
utep-miners-at-oklahoma-sooners-week-1,utep-miners,sacks,1.000000
utep-miners-at-oklahoma-sooners-week-1,utep-miners,tackles_for_loss,1.000000
utep-miners-at-oklahoma-sooners-week-1,utep-miners,total_turnovers,0.000000
utep-miners-at-oklahoma-sooners-week-1,utep-miners,fumbles_lost,0.000000
utep-miners-at-oklahoma-sooners-week-1,utep-miners,interceptions,0.000000
kent-state-golden-flashes-at-south-carolina-gamecocks-week-1,kent-state-golden-flashes,redzone_attempts,1.000000
kent-state-golden-flashes-at-south-carolina-gamecocks-week-1,kent-state-golden-flashes,seconds_of_possession,1472.000000
kent-state-golden-flashes-at-south-carolina-gamecocks-week-1,kent-state-golden-flashes,total_drives,11.000000
kent-state-golden-flashes-at-south-carolina-gamecocks-week-1,kent-state-golden-flashes,total_plays,53.000000
kent-state-golden-flashes-at-south-carolina-gamecocks-week-1,kent-state-golden-flashes,total_yards,342.000000
kent-state-golden-flashes-at-south-carolina-gamecocks-week-1,kent-state-golden-flashes,yards_per_play,6.500000
kent-state-golden-flashes-at-south-carolina-gamecocks-week-1,kent-state-golden-flashes,redzone_touchdowns,1.000000
kent-state-golden-flashes-at-south-carolina-gamecocks-week-1,kent-state-golden-flashes,passing_attempts,32.000000
kent-state-golden-flashes-at-south-carolina-gamecocks-week-1,kent-state-golden-flashes,yards_per_pass,7.200000
kent-state-golden-flashes-at-south-carolina-gamecocks-week-1,kent-state-golden-flashes,passing_touchdowns,1.000000
kent-state-golden-flashes-at-south-carolina-gamecocks-week-1,kent-state-golden-flashes,total_passing_yards,232.000000
kent-state-golden-flashes-at-south-carolina-gamecocks-week-1,kent-state-golden-flashes,passing_completions,19.000000
kent-state-golden-flashes-at-south-carolina-gamecocks-week-1,kent-state-golden-flashes,rushing_touchdowns,2.000000
kent-state-golden-flashes-at-south-carolina-gamecocks-week-1,kent-state-golden-flashes,total_rushing_yards,110.000000
kent-state-golden-flashes-at-south-carolina-gamecocks-week-1,kent-state-golden-flashes,rushing_attempts,21.000000
kent-state-golden-flashes-at-south-carolina-gamecocks-week-1,kent-state-golden-flashes,yards_per_rush,5.200000
kent-state-golden-flashes-at-south-carolina-gamecocks-week-1,kent-state-golden-flashes,sacks,3.000000
kent-state-golden-flashes-at-south-carolina-gamecocks-week-1,kent-state-golden-flashes,tackles_for_loss,5.000000
kent-state-golden-flashes-at-south-carolina-gamecocks-week-1,kent-state-golden-flashes,pass_deflections,0.000000
kent-state-golden-flashes-at-south-carolina-gamecocks-week-1,kent-state-golden-flashes,total_turnovers,1.000000
kent-state-golden-flashes-at-south-carolina-gamecocks-week-1,kent-state-golden-flashes,fumbles_lost,0.000000
kent-state-golden-flashes-at-south-carolina-gamecocks-week-1,kent-state-golden-flashes,interceptions,1.000000
kent-state-golden-flashes-at-south-carolina-gamecocks-week-1,kent-state-golden-flashes,total_drives,11.000000
kent-state-golden-flashes-at-south-carolina-gamecocks-week-1,kent-state-golden-flashes,total_plays,72.000000
kent-state-golden-flashes-at-south-carolina-gamecocks-week-1,kent-state-golden-flashes,total_yards,317.000000
kent-state-golden-flashes-at-south-carolina-gamecocks-week-1,kent-state-golden-flashes,yards_per_play,4.400000
kent-state-golden-flashes-at-south-carolina-gamecocks-week-1,kent-state-golden-flashes,redzone_touchdowns,4.000000
kent-state-golden-flashes-at-south-carolina-gamecocks-week-1,kent-state-golden-flashes,redzone_attempts,4.000000
kent-state-golden-flashes-at-south-carolina-gamecocks-week-1,kent-state-golden-flashes,seconds_of_possession,2128.000000
kent-state-golden-flashes-at-south-carolina-gamecocks-week-1,kent-state-golden-flashes,total_passing_yards,186.000000
kent-state-golden-flashes-at-south-carolina-gamecocks-week-1,kent-state-golden-flashes,passing_completions,16.000000
kent-state-golden-flashes-at-south-carolina-gamecocks-week-1,kent-state-golden-flashes,passing_attempts,27.000000
kent-state-golden-flashes-at-south-carolina-gamecocks-week-1,kent-state-golden-flashes,yards_per_pass,6.900000
kent-state-golden-flashes-at-south-carolina-gamecocks-week-1,kent-state-golden-flashes,passing_touchdowns,0.000000
kent-state-golden-flashes-at-south-carolina-gamecocks-week-1,kent-state-golden-flashes,total_rushing_yards,131.000000
kent-state-golden-flashes-at-south-carolina-gamecocks-week-1,kent-state-golden-flashes,rushing_attempts,45.000000
kent-state-golden-flashes-at-south-carolina-gamecocks-week-1,kent-state-golden-flashes,yards_per_rush,2.900000
kent-state-golden-flashes-at-south-carolina-gamecocks-week-1,kent-state-golden-flashes,rushing_touchdowns,2.000000
kent-state-golden-flashes-at-south-carolina-gamecocks-week-1,kent-state-golden-flashes,sacks,1.000000
kent-state-golden-flashes-at-south-carolina-gamecocks-week-1,kent-state-golden-flashes,tackles_for_loss,1.000000
kent-state-golden-flashes-at-south-carolina-gamecocks-week-1,kent-state-golden-flashes,pass_deflections,1.000000
kent-state-golden-flashes-at-south-carolina-gamecocks-week-1,kent-state-golden-flashes,total_turnovers,0.000000
kent-state-golden-flashes-at-south-carolina-gamecocks-week-1,kent-state-golden-flashes,fumbles_lost,0.000000
kent-state-golden-flashes-at-south-carolina-gamecocks-week-1,kent-state-golden-flashes,interceptions,0.000000
furman-paladins-at-tennessee-volunteers-week-1,furman-paladins,redzone_attempts,1.000000
furman-paladins-at-tennessee-volunteers-week-1,furman-paladins,seconds_of_possession,1472.000000
furman-paladins-at-tennessee-volunteers-week-1,furman-paladins,total_drives,11.000000
furman-paladins-at-tennessee-volunteers-week-1,furman-paladins,total_plays,53.000000
furman-paladins-at-tennessee-volunteers-week-1,furman-paladins,total_yards,342.000000
furman-paladins-at-tennessee-volunteers-week-1,furman-paladins,yards_per_play,6.500000
furman-paladins-at-tennessee-volunteers-week-1,furman-paladins,redzone_touchdowns,1.000000
furman-paladins-at-tennessee-volunteers-week-1,furman-paladins,total_passing_yards,232.000000
furman-paladins-at-tennessee-volunteers-week-1,furman-paladins,passing_completions,19.000000
furman-paladins-at-tennessee-volunteers-week-1,furman-paladins,passing_attempts,32.000000
furman-paladins-at-tennessee-volunteers-week-1,furman-paladins,yards_per_pass,7.200000
furman-paladins-at-tennessee-volunteers-week-1,furman-paladins,passing_touchdowns,1.000000
furman-paladins-at-tennessee-volunteers-week-1,furman-paladins,total_rushing_yards,110.000000
furman-paladins-at-tennessee-volunteers-week-1,furman-paladins,rushing_attempts,21.000000
furman-paladins-at-tennessee-volunteers-week-1,furman-paladins,yards_per_rush,5.200000
furman-paladins-at-tennessee-volunteers-week-1,furman-paladins,rushing_touchdowns,2.000000
furman-paladins-at-tennessee-volunteers-week-1,furman-paladins,pass_deflections,0.000000
furman-paladins-at-tennessee-volunteers-week-1,furman-paladins,sacks,3.000000
furman-paladins-at-tennessee-volunteers-week-1,furman-paladins,tackles_for_loss,5.000000
furman-paladins-at-tennessee-volunteers-week-1,furman-paladins,interceptions,1.000000
furman-paladins-at-tennessee-volunteers-week-1,furman-paladins,total_turnovers,1.000000
furman-paladins-at-tennessee-volunteers-week-1,furman-paladins,fumbles_lost,0.000000
furman-paladins-at-tennessee-volunteers-week-1,furman-paladins,sacks,1.000000
furman-paladins-at-tennessee-volunteers-week-1,furman-paladins,tackles_for_loss,1.000000
furman-paladins-at-tennessee-volunteers-week-1,furman-paladins,pass_deflections,1.000000
furman-paladins-at-tennessee-volunteers-week-1,furman-paladins,fumbles_lost,0.000000
furman-paladins-at-tennessee-volunteers-week-1,furman-paladins,interceptions,0.000000
furman-paladins-at-tennessee-volunteers-week-1,furman-paladins,total_turnovers,0.000000
furman-paladins-at-tennessee-volunteers-week-1,furman-paladins,redzone_touchdowns,4.000000
furman-paladins-at-tennessee-volunteers-week-1,furman-paladins,redzone_attempts,4.000000
furman-paladins-at-tennessee-volunteers-week-1,furman-paladins,seconds_of_possession,2128.000000
furman-paladins-at-tennessee-volunteers-week-1,furman-paladins,total_drives,11.000000
furman-paladins-at-tennessee-volunteers-week-1,furman-paladins,total_plays,72.000000
furman-paladins-at-tennessee-volunteers-week-1,furman-paladins,total_yards,317.000000
furman-paladins-at-tennessee-volunteers-week-1,furman-paladins,yards_per_play,4.400000
furman-paladins-at-tennessee-volunteers-week-1,furman-paladins,passing_completions,16.000000
furman-paladins-at-tennessee-volunteers-week-1,furman-paladins,passing_attempts,27.000000
furman-paladins-at-tennessee-volunteers-week-1,furman-paladins,yards_per_pass,6.900000
furman-paladins-at-tennessee-volunteers-week-1,furman-paladins,passing_touchdowns,0.000000
furman-paladins-at-tennessee-volunteers-week-1,furman-paladins,total_passing_yards,186.000000
furman-paladins-at-tennessee-volunteers-week-1,furman-paladins,rushing_attempts,45.000000
furman-paladins-at-tennessee-volunteers-week-1,furman-paladins,yards_per_rush,2.900000
furman-paladins-at-tennessee-volunteers-week-1,furman-paladins,rushing_touchdowns,2.000000
furman-paladins-at-tennessee-volunteers-week-1,furman-paladins,total_rushing_yards,131.000000
texas-state-bobcats-at-texas-longhorns-week-1,texas-state-bobcats,total_drives,11.000000
texas-state-bobcats-at-texas-longhorns-week-1,texas-state-bobcats,total_plays,53.000000
texas-state-bobcats-at-texas-longhorns-week-1,texas-state-bobcats,total_yards,342.000000
texas-state-bobcats-at-texas-longhorns-week-1,texas-state-bobcats,yards_per_play,6.500000
texas-state-bobcats-at-texas-longhorns-week-1,texas-state-bobcats,redzone_touchdowns,1.000000
texas-state-bobcats-at-texas-longhorns-week-1,texas-state-bobcats,redzone_attempts,1.000000
texas-state-bobcats-at-texas-longhorns-week-1,texas-state-bobcats,seconds_of_possession,1472.000000
texas-state-bobcats-at-texas-longhorns-week-1,texas-state-bobcats,total_passing_yards,232.000000
texas-state-bobcats-at-texas-longhorns-week-1,texas-state-bobcats,passing_completions,19.000000
texas-state-bobcats-at-texas-longhorns-week-1,texas-state-bobcats,passing_attempts,32.000000
texas-state-bobcats-at-texas-longhorns-week-1,texas-state-bobcats,yards_per_pass,7.200000
texas-state-bobcats-at-texas-longhorns-week-1,texas-state-bobcats,passing_touchdowns,1.000000
texas-state-bobcats-at-texas-longhorns-week-1,texas-state-bobcats,total_rushing_yards,110.000000
texas-state-bobcats-at-texas-longhorns-week-1,texas-state-bobcats,rushing_attempts,21.000000
texas-state-bobcats-at-texas-longhorns-week-1,texas-state-bobcats,yards_per_rush,5.200000
texas-state-bobcats-at-texas-longhorns-week-1,texas-state-bobcats,rushing_touchdowns,2.000000
texas-state-bobcats-at-texas-longhorns-week-1,texas-state-bobcats,sacks,3.000000
texas-state-bobcats-at-texas-longhorns-week-1,texas-state-bobcats,tackles_for_loss,5.000000
texas-state-bobcats-at-texas-longhorns-week-1,texas-state-bobcats,pass_deflections,0.000000
texas-state-bobcats-at-texas-longhorns-week-1,texas-state-bobcats,total_turnovers,1.000000
texas-state-bobcats-at-texas-longhorns-week-1,texas-state-bobcats,fumbles_lost,0.000000
texas-state-bobcats-at-texas-longhorns-week-1,texas-state-bobcats,interceptions,1.000000
texas-state-bobcats-at-texas-longhorns-week-1,texas-state-bobcats,redzone_touchdowns,4.000000
texas-state-bobcats-at-texas-longhorns-week-1,texas-state-bobcats,redzone_attempts,4.000000
texas-state-bobcats-at-texas-longhorns-week-1,texas-state-bobcats,seconds_of_possession,2128.000000
texas-state-bobcats-at-texas-longhorns-week-1,texas-state-bobcats,total_drives,11.000000
texas-state-bobcats-at-texas-longhorns-week-1,texas-state-bobcats,total_plays,72.000000
texas-state-bobcats-at-texas-longhorns-week-1,texas-state-bobcats,total_yards,317.000000
texas-state-bobcats-at-texas-longhorns-week-1,texas-state-bobcats,yards_per_play,4.400000
texas-state-bobcats-at-texas-longhorns-week-1,texas-state-bobcats,passing_completions,16.000000
texas-state-bobcats-at-texas-longhorns-week-1,texas-state-bobcats,passing_attempts,27.000000
texas-state-bobcats-at-texas-longhorns-week-1,texas-state-bobcats,yards_per_pass,6.900000
texas-state-bobcats-at-texas-longhorns-week-1,texas-state-bobcats,passing_touchdowns,0.000000
texas-state-bobcats-at-texas-longhorns-week-1,texas-state-bobcats,total_passing_yards,186.000000
texas-state-bobcats-at-texas-longhorns-week-1,texas-state-bobcats,total_rushing_yards,131.000000
texas-state-bobcats-at-texas-longhorns-week-1,texas-state-bobcats,rushing_attempts,45.000000
texas-state-bobcats-at-texas-longhorns-week-1,texas-state-bobcats,yards_per_rush,2.900000
texas-state-bobcats-at-texas-longhorns-week-1,texas-state-bobcats,rushing_touchdowns,2.000000
texas-state-bobcats-at-texas-longhorns-week-1,texas-state-bobcats,sacks,1.000000
texas-state-bobcats-at-texas-longhorns-week-1,texas-state-bobcats,tackles_for_loss,1.000000
texas-state-bobcats-at-texas-longhorns-week-1,texas-state-bobcats,pass_deflections,1.000000
texas-state-bobcats-at-texas-longhorns-week-1,texas-state-bobcats,total_turnovers,0.000000
texas-state-bobcats-at-texas-longhorns-week-1,texas-state-bobcats,fumbles_lost,0.000000
texas-state-bobcats-at-texas-longhorns-week-1,texas-state-bobcats,interceptions,0.000000
missouri-state-bears-at-texas-am-aggies-week-1,missouri-state-bears,total_rushing_yards,110.000000
missouri-state-bears-at-texas-am-aggies-week-1,missouri-state-bears,rushing_attempts,21.000000
missouri-state-bears-at-texas-am-aggies-week-1,missouri-state-bears,yards_per_rush,5.200000
missouri-state-bears-at-texas-am-aggies-week-1,missouri-state-bears,rushing_touchdowns,2.000000
missouri-state-bears-at-texas-am-aggies-week-1,missouri-state-bears,pass_deflections,0.000000
missouri-state-bears-at-texas-am-aggies-week-1,missouri-state-bears,sacks,3.000000
missouri-state-bears-at-texas-am-aggies-week-1,missouri-state-bears,tackles_for_loss,5.000000
missouri-state-bears-at-texas-am-aggies-week-1,missouri-state-bears,fumbles_lost,0.000000
missouri-state-bears-at-texas-am-aggies-week-1,missouri-state-bears,interceptions,1.000000
missouri-state-bears-at-texas-am-aggies-week-1,missouri-state-bears,total_turnovers,1.000000
missouri-state-bears-at-texas-am-aggies-week-1,missouri-state-bears,seconds_of_possession,1472.000000
missouri-state-bears-at-texas-am-aggies-week-1,missouri-state-bears,total_drives,11.000000
missouri-state-bears-at-texas-am-aggies-week-1,missouri-state-bears,total_plays,53.000000
missouri-state-bears-at-texas-am-aggies-week-1,missouri-state-bears,total_yards,342.000000
missouri-state-bears-at-texas-am-aggies-week-1,missouri-state-bears,yards_per_play,6.500000
missouri-state-bears-at-texas-am-aggies-week-1,missouri-state-bears,redzone_touchdowns,1.000000
missouri-state-bears-at-texas-am-aggies-week-1,missouri-state-bears,redzone_attempts,1.000000
missouri-state-bears-at-texas-am-aggies-week-1,missouri-state-bears,passing_touchdowns,1.000000
missouri-state-bears-at-texas-am-aggies-week-1,missouri-state-bears,total_passing_yards,232.000000
missouri-state-bears-at-texas-am-aggies-week-1,missouri-state-bears,passing_completions,19.000000
missouri-state-bears-at-texas-am-aggies-week-1,missouri-state-bears,passing_attempts,32.000000
missouri-state-bears-at-texas-am-aggies-week-1,missouri-state-bears,yards_per_pass,7.200000
missouri-state-bears-at-texas-am-aggies-week-1,missouri-state-bears,rushing_touchdowns,2.000000
missouri-state-bears-at-texas-am-aggies-week-1,missouri-state-bears,total_rushing_yards,131.000000
missouri-state-bears-at-texas-am-aggies-week-1,missouri-state-bears,rushing_attempts,45.000000
missouri-state-bears-at-texas-am-aggies-week-1,missouri-state-bears,yards_per_rush,2.900000
missouri-state-bears-at-texas-am-aggies-week-1,missouri-state-bears,sacks,1.000000
missouri-state-bears-at-texas-am-aggies-week-1,missouri-state-bears,tackles_for_loss,1.000000
missouri-state-bears-at-texas-am-aggies-week-1,missouri-state-bears,pass_deflections,1.000000
missouri-state-bears-at-texas-am-aggies-week-1,missouri-state-bears,interceptions,0.000000
missouri-state-bears-at-texas-am-aggies-week-1,missouri-state-bears,total_turnovers,0.000000
missouri-state-bears-at-texas-am-aggies-week-1,missouri-state-bears,fumbles_lost,0.000000
missouri-state-bears-at-texas-am-aggies-week-1,missouri-state-bears,seconds_of_possession,2128.000000
missouri-state-bears-at-texas-am-aggies-week-1,missouri-state-bears,total_drives,11.000000
missouri-state-bears-at-texas-am-aggies-week-1,missouri-state-bears,total_plays,72.000000
missouri-state-bears-at-texas-am-aggies-week-1,missouri-state-bears,total_yards,317.000000
missouri-state-bears-at-texas-am-aggies-week-1,missouri-state-bears,yards_per_play,4.400000
missouri-state-bears-at-texas-am-aggies-week-1,missouri-state-bears,redzone_touchdowns,4.000000
missouri-state-bears-at-texas-am-aggies-week-1,missouri-state-bears,redzone_attempts,4.000000
missouri-state-bears-at-texas-am-aggies-week-1,missouri-state-bears,passing_completions,16.000000
missouri-state-bears-at-texas-am-aggies-week-1,missouri-state-bears,passing_attempts,27.000000
missouri-state-bears-at-texas-am-aggies-week-1,missouri-state-bears,yards_per_pass,6.900000
missouri-state-bears-at-texas-am-aggies-week-1,missouri-state-bears,passing_touchdowns,0.000000
missouri-state-bears-at-texas-am-aggies-week-1,missouri-state-bears,total_passing_yards,186.000000
austin-peay-governors-at-vanderbilt-commodores-week-1,austin-peay-governors,total_turnovers,1.000000
austin-peay-governors-at-vanderbilt-commodores-week-1,austin-peay-governors,fumbles_lost,0.000000
austin-peay-governors-at-vanderbilt-commodores-week-1,austin-peay-governors,interceptions,1.000000
austin-peay-governors-at-vanderbilt-commodores-week-1,austin-peay-governors,total_plays,53.000000
austin-peay-governors-at-vanderbilt-commodores-week-1,austin-peay-governors,total_yards,342.000000
austin-peay-governors-at-vanderbilt-commodores-week-1,austin-peay-governors,yards_per_play,6.500000
austin-peay-governors-at-vanderbilt-commodores-week-1,austin-peay-governors,redzone_touchdowns,1.000000
austin-peay-governors-at-vanderbilt-commodores-week-1,austin-peay-governors,redzone_attempts,1.000000
austin-peay-governors-at-vanderbilt-commodores-week-1,austin-peay-governors,seconds_of_possession,1472.000000
austin-peay-governors-at-vanderbilt-commodores-week-1,austin-peay-governors,total_drives,11.000000
austin-peay-governors-at-vanderbilt-commodores-week-1,austin-peay-governors,total_passing_yards,232.000000
austin-peay-governors-at-vanderbilt-commodores-week-1,austin-peay-governors,passing_completions,19.000000
austin-peay-governors-at-vanderbilt-commodores-week-1,austin-peay-governors,passing_attempts,32.000000
austin-peay-governors-at-vanderbilt-commodores-week-1,austin-peay-governors,yards_per_pass,7.200000
austin-peay-governors-at-vanderbilt-commodores-week-1,austin-peay-governors,passing_touchdowns,1.000000
austin-peay-governors-at-vanderbilt-commodores-week-1,austin-peay-governors,total_rushing_yards,110.000000
austin-peay-governors-at-vanderbilt-commodores-week-1,austin-peay-governors,rushing_attempts,21.000000
austin-peay-governors-at-vanderbilt-commodores-week-1,austin-peay-governors,yards_per_rush,5.200000
austin-peay-governors-at-vanderbilt-commodores-week-1,austin-peay-governors,rushing_touchdowns,2.000000
austin-peay-governors-at-vanderbilt-commodores-week-1,austin-peay-governors,sacks,3.000000
austin-peay-governors-at-vanderbilt-commodores-week-1,austin-peay-governors,tackles_for_loss,5.000000
austin-peay-governors-at-vanderbilt-commodores-week-1,austin-peay-governors,pass_deflections,0.000000
austin-peay-governors-at-vanderbilt-commodores-week-1,austin-peay-governors,total_rushing_yards,131.000000
austin-peay-governors-at-vanderbilt-commodores-week-1,austin-peay-governors,rushing_attempts,45.000000
austin-peay-governors-at-vanderbilt-commodores-week-1,austin-peay-governors,yards_per_rush,2.900000
austin-peay-governors-at-vanderbilt-commodores-week-1,austin-peay-governors,rushing_touchdowns,2.000000
austin-peay-governors-at-vanderbilt-commodores-week-1,austin-peay-governors,sacks,1.000000
austin-peay-governors-at-vanderbilt-commodores-week-1,austin-peay-governors,tackles_for_loss,1.000000
austin-peay-governors-at-vanderbilt-commodores-week-1,austin-peay-governors,pass_deflections,1.000000
austin-peay-governors-at-vanderbilt-commodores-week-1,austin-peay-governors,total_turnovers,0.000000
austin-peay-governors-at-vanderbilt-commodores-week-1,austin-peay-governors,fumbles_lost,0.000000
austin-peay-governors-at-vanderbilt-commodores-week-1,austin-peay-governors,interceptions,0.000000
austin-peay-governors-at-vanderbilt-commodores-week-1,austin-peay-governors,seconds_of_possession,2128.000000
austin-peay-governors-at-vanderbilt-commodores-week-1,austin-peay-governors,total_drives,11.000000
austin-peay-governors-at-vanderbilt-commodores-week-1,austin-peay-governors,total_plays,72.000000
austin-peay-governors-at-vanderbilt-commodores-week-1,austin-peay-governors,total_yards,317.000000
austin-peay-governors-at-vanderbilt-commodores-week-1,austin-peay-governors,yards_per_play,4.400000
austin-peay-governors-at-vanderbilt-commodores-week-1,austin-peay-governors,redzone_touchdowns,4.000000
austin-peay-governors-at-vanderbilt-commodores-week-1,austin-peay-governors,redzone_attempts,4.000000
austin-peay-governors-at-vanderbilt-commodores-week-1,austin-peay-governors,total_passing_yards,186.000000
austin-peay-governors-at-vanderbilt-commodores-week-1,austin-peay-governors,passing_completions,16.000000
austin-peay-governors-at-vanderbilt-commodores-week-1,austin-peay-governors,passing_attempts,27.000000
austin-peay-governors-at-vanderbilt-commodores-week-1,austin-peay-governors,yards_per_pass,6.900000
austin-peay-governors-at-vanderbilt-commodores-week-1,austin-peay-governors,passing_touchdowns,0.000000
abilene-christian-wildcats-at-texas-tech-red-raiders-week-1,abilene-christian-wildcats,fumbles_lost,0.000000
abilene-christian-wildcats-at-texas-tech-red-raiders-week-1,abilene-christian-wildcats,interceptions,1.000000
abilene-christian-wildcats-at-texas-tech-red-raiders-week-1,abilene-christian-wildcats,total_turnovers,1.000000
abilene-christian-wildcats-at-texas-tech-red-raiders-week-1,abilene-christian-wildcats,total_plays,53.000000
abilene-christian-wildcats-at-texas-tech-red-raiders-week-1,abilene-christian-wildcats,total_yards,342.000000
abilene-christian-wildcats-at-texas-tech-red-raiders-week-1,abilene-christian-wildcats,yards_per_play,6.500000
abilene-christian-wildcats-at-texas-tech-red-raiders-week-1,abilene-christian-wildcats,redzone_touchdowns,1.000000
abilene-christian-wildcats-at-texas-tech-red-raiders-week-1,abilene-christian-wildcats,redzone_attempts,1.000000
abilene-christian-wildcats-at-texas-tech-red-raiders-week-1,abilene-christian-wildcats,seconds_of_possession,1472.000000
abilene-christian-wildcats-at-texas-tech-red-raiders-week-1,abilene-christian-wildcats,total_drives,11.000000
abilene-christian-wildcats-at-texas-tech-red-raiders-week-1,abilene-christian-wildcats,passing_completions,19.000000
abilene-christian-wildcats-at-texas-tech-red-raiders-week-1,abilene-christian-wildcats,passing_attempts,32.000000
abilene-christian-wildcats-at-texas-tech-red-raiders-week-1,abilene-christian-wildcats,yards_per_pass,7.200000
abilene-christian-wildcats-at-texas-tech-red-raiders-week-1,abilene-christian-wildcats,passing_touchdowns,1.000000
abilene-christian-wildcats-at-texas-tech-red-raiders-week-1,abilene-christian-wildcats,total_passing_yards,232.000000
abilene-christian-wildcats-at-texas-tech-red-raiders-week-1,abilene-christian-wildcats,total_rushing_yards,110.000000
abilene-christian-wildcats-at-texas-tech-red-raiders-week-1,abilene-christian-wildcats,rushing_attempts,21.000000
abilene-christian-wildcats-at-texas-tech-red-raiders-week-1,abilene-christian-wildcats,yards_per_rush,5.200000
abilene-christian-wildcats-at-texas-tech-red-raiders-week-1,abilene-christian-wildcats,rushing_touchdowns,2.000000
abilene-christian-wildcats-at-texas-tech-red-raiders-week-1,abilene-christian-wildcats,sacks,3.000000
abilene-christian-wildcats-at-texas-tech-red-raiders-week-1,abilene-christian-wildcats,tackles_for_loss,5.000000
abilene-christian-wildcats-at-texas-tech-red-raiders-week-1,abilene-christian-wildcats,pass_deflections,0.000000
abilene-christian-wildcats-at-texas-tech-red-raiders-week-1,abilene-christian-wildcats,total_turnovers,0.000000
abilene-christian-wildcats-at-texas-tech-red-raiders-week-1,abilene-christian-wildcats,fumbles_lost,0.000000
abilene-christian-wildcats-at-texas-tech-red-raiders-week-1,abilene-christian-wildcats,interceptions,0.000000
abilene-christian-wildcats-at-texas-tech-red-raiders-week-1,abilene-christian-wildcats,total_drives,11.000000
abilene-christian-wildcats-at-texas-tech-red-raiders-week-1,abilene-christian-wildcats,total_plays,72.000000
abilene-christian-wildcats-at-texas-tech-red-raiders-week-1,abilene-christian-wildcats,total_yards,317.000000
abilene-christian-wildcats-at-texas-tech-red-raiders-week-1,abilene-christian-wildcats,yards_per_play,4.400000
abilene-christian-wildcats-at-texas-tech-red-raiders-week-1,abilene-christian-wildcats,redzone_touchdowns,4.000000
abilene-christian-wildcats-at-texas-tech-red-raiders-week-1,abilene-christian-wildcats,redzone_attempts,4.000000
abilene-christian-wildcats-at-texas-tech-red-raiders-week-1,abilene-christian-wildcats,seconds_of_possession,2128.000000
abilene-christian-wildcats-at-texas-tech-red-raiders-week-1,abilene-christian-wildcats,yards_per_pass,6.900000
abilene-christian-wildcats-at-texas-tech-red-raiders-week-1,abilene-christian-wildcats,passing_touchdowns,0.000000
abilene-christian-wildcats-at-texas-tech-red-raiders-week-1,abilene-christian-wildcats,total_passing_yards,186.000000
abilene-christian-wildcats-at-texas-tech-red-raiders-week-1,abilene-christian-wildcats,passing_completions,16.000000
abilene-christian-wildcats-at-texas-tech-red-raiders-week-1,abilene-christian-wildcats,passing_attempts,27.000000
abilene-christian-wildcats-at-texas-tech-red-raiders-week-1,abilene-christian-wildcats,total_rushing_yards,131.000000
abilene-christian-wildcats-at-texas-tech-red-raiders-week-1,abilene-christian-wildcats,rushing_attempts,45.000000
abilene-christian-wildcats-at-texas-tech-red-raiders-week-1,abilene-christian-wildcats,yards_per_rush,2.900000
abilene-christian-wildcats-at-texas-tech-red-raiders-week-1,abilene-christian-wildcats,rushing_touchdowns,2.000000
abilene-christian-wildcats-at-texas-tech-red-raiders-week-1,abilene-christian-wildcats,sacks,1.000000
abilene-christian-wildcats-at-texas-tech-red-raiders-week-1,abilene-christian-wildcats,tackles_for_loss,1.000000
abilene-christian-wildcats-at-texas-tech-red-raiders-week-1,abilene-christian-wildcats,pass_deflections,1.000000
nicholls-colonels-at-kansas-state-wildcats-week-1,nicholls-colonels,sacks,3.000000
nicholls-colonels-at-kansas-state-wildcats-week-1,nicholls-colonels,tackles_for_loss,5.000000
nicholls-colonels-at-kansas-state-wildcats-week-1,nicholls-colonels,pass_deflections,0.000000
nicholls-colonels-at-kansas-state-wildcats-week-1,nicholls-colonels,total_turnovers,1.000000
nicholls-colonels-at-kansas-state-wildcats-week-1,nicholls-colonels,fumbles_lost,0.000000
nicholls-colonels-at-kansas-state-wildcats-week-1,nicholls-colonels,interceptions,1.000000
nicholls-colonels-at-kansas-state-wildcats-week-1,nicholls-colonels,seconds_of_possession,1472.000000
nicholls-colonels-at-kansas-state-wildcats-week-1,nicholls-colonels,total_drives,11.000000
nicholls-colonels-at-kansas-state-wildcats-week-1,nicholls-colonels,total_plays,53.000000
nicholls-colonels-at-kansas-state-wildcats-week-1,nicholls-colonels,total_yards,342.000000
nicholls-colonels-at-kansas-state-wildcats-week-1,nicholls-colonels,yards_per_play,6.500000
nicholls-colonels-at-kansas-state-wildcats-week-1,nicholls-colonels,redzone_touchdowns,1.000000
nicholls-colonels-at-kansas-state-wildcats-week-1,nicholls-colonels,redzone_attempts,1.000000
nicholls-colonels-at-kansas-state-wildcats-week-1,nicholls-colonels,total_passing_yards,232.000000
nicholls-colonels-at-kansas-state-wildcats-week-1,nicholls-colonels,passing_completions,19.000000
nicholls-colonels-at-kansas-state-wildcats-week-1,nicholls-colonels,passing_attempts,32.000000
nicholls-colonels-at-kansas-state-wildcats-week-1,nicholls-colonels,yards_per_pass,7.200000
nicholls-colonels-at-kansas-state-wildcats-week-1,nicholls-colonels,passing_touchdowns,1.000000
nicholls-colonels-at-kansas-state-wildcats-week-1,nicholls-colonels,total_rushing_yards,110.000000
nicholls-colonels-at-kansas-state-wildcats-week-1,nicholls-colonels,rushing_attempts,21.000000
nicholls-colonels-at-kansas-state-wildcats-week-1,nicholls-colonels,yards_per_rush,5.200000
nicholls-colonels-at-kansas-state-wildcats-week-1,nicholls-colonels,rushing_touchdowns,2.000000
nicholls-colonels-at-kansas-state-wildcats-week-1,nicholls-colonels,total_plays,72.000000
nicholls-colonels-at-kansas-state-wildcats-week-1,nicholls-colonels,total_yards,317.000000
nicholls-colonels-at-kansas-state-wildcats-week-1,nicholls-colonels,yards_per_play,4.400000
nicholls-colonels-at-kansas-state-wildcats-week-1,nicholls-colonels,redzone_touchdowns,4.000000
nicholls-colonels-at-kansas-state-wildcats-week-1,nicholls-colonels,redzone_attempts,4.000000
nicholls-colonels-at-kansas-state-wildcats-week-1,nicholls-colonels,seconds_of_possession,2128.000000
nicholls-colonels-at-kansas-state-wildcats-week-1,nicholls-colonels,total_drives,11.000000
nicholls-colonels-at-kansas-state-wildcats-week-1,nicholls-colonels,passing_touchdowns,0.000000
nicholls-colonels-at-kansas-state-wildcats-week-1,nicholls-colonels,total_passing_yards,186.000000
nicholls-colonels-at-kansas-state-wildcats-week-1,nicholls-colonels,passing_completions,16.000000
nicholls-colonels-at-kansas-state-wildcats-week-1,nicholls-colonels,passing_attempts,27.000000
nicholls-colonels-at-kansas-state-wildcats-week-1,nicholls-colonels,yards_per_pass,6.900000
nicholls-colonels-at-kansas-state-wildcats-week-1,nicholls-colonels,total_rushing_yards,131.000000
nicholls-colonels-at-kansas-state-wildcats-week-1,nicholls-colonels,rushing_attempts,45.000000
nicholls-colonels-at-kansas-state-wildcats-week-1,nicholls-colonels,yards_per_rush,2.900000
nicholls-colonels-at-kansas-state-wildcats-week-1,nicholls-colonels,rushing_touchdowns,2.000000
nicholls-colonels-at-kansas-state-wildcats-week-1,nicholls-colonels,pass_deflections,1.000000
nicholls-colonels-at-kansas-state-wildcats-week-1,nicholls-colonels,sacks,1.000000
nicholls-colonels-at-kansas-state-wildcats-week-1,nicholls-colonels,tackles_for_loss,1.000000
nicholls-colonels-at-kansas-state-wildcats-week-1,nicholls-colonels,total_turnovers,0.000000
nicholls-colonels-at-kansas-state-wildcats-week-1,nicholls-colonels,fumbles_lost,0.000000
nicholls-colonels-at-kansas-state-wildcats-week-1,nicholls-colonels,interceptions,0.000000
oklahoma-state-cowboys-at-tulsa-golden-hurricane-week-1,oklahoma-state-cowboys,total_drives,11.000000
oklahoma-state-cowboys-at-tulsa-golden-hurricane-week-1,oklahoma-state-cowboys,total_plays,53.000000
oklahoma-state-cowboys-at-tulsa-golden-hurricane-week-1,oklahoma-state-cowboys,total_yards,342.000000
oklahoma-state-cowboys-at-tulsa-golden-hurricane-week-1,oklahoma-state-cowboys,yards_per_play,6.500000
oklahoma-state-cowboys-at-tulsa-golden-hurricane-week-1,oklahoma-state-cowboys,redzone_touchdowns,1.000000
oklahoma-state-cowboys-at-tulsa-golden-hurricane-week-1,oklahoma-state-cowboys,redzone_attempts,1.000000
oklahoma-state-cowboys-at-tulsa-golden-hurricane-week-1,oklahoma-state-cowboys,seconds_of_possession,1472.000000
oklahoma-state-cowboys-at-tulsa-golden-hurricane-week-1,oklahoma-state-cowboys,passing_touchdowns,1.000000
oklahoma-state-cowboys-at-tulsa-golden-hurricane-week-1,oklahoma-state-cowboys,total_passing_yards,232.000000
oklahoma-state-cowboys-at-tulsa-golden-hurricane-week-1,oklahoma-state-cowboys,passing_completions,19.000000
oklahoma-state-cowboys-at-tulsa-golden-hurricane-week-1,oklahoma-state-cowboys,passing_attempts,32.000000
oklahoma-state-cowboys-at-tulsa-golden-hurricane-week-1,oklahoma-state-cowboys,yards_per_pass,7.200000
oklahoma-state-cowboys-at-tulsa-golden-hurricane-week-1,oklahoma-state-cowboys,rushing_touchdowns,2.000000
oklahoma-state-cowboys-at-tulsa-golden-hurricane-week-1,oklahoma-state-cowboys,total_rushing_yards,110.000000
oklahoma-state-cowboys-at-tulsa-golden-hurricane-week-1,oklahoma-state-cowboys,rushing_attempts,21.000000
oklahoma-state-cowboys-at-tulsa-golden-hurricane-week-1,oklahoma-state-cowboys,yards_per_rush,5.200000
oklahoma-state-cowboys-at-tulsa-golden-hurricane-week-1,oklahoma-state-cowboys,sacks,3.000000
oklahoma-state-cowboys-at-tulsa-golden-hurricane-week-1,oklahoma-state-cowboys,tackles_for_loss,5.000000
oklahoma-state-cowboys-at-tulsa-golden-hurricane-week-1,oklahoma-state-cowboys,pass_deflections,0.000000
oklahoma-state-cowboys-at-tulsa-golden-hurricane-week-1,oklahoma-state-cowboys,total_turnovers,1.000000
oklahoma-state-cowboys-at-tulsa-golden-hurricane-week-1,oklahoma-state-cowboys,fumbles_lost,0.000000
oklahoma-state-cowboys-at-tulsa-golden-hurricane-week-1,oklahoma-state-cowboys,interceptions,1.000000
oklahoma-state-cowboys-at-tulsa-golden-hurricane-week-1,oklahoma-state-cowboys,total_passing_yards,186.000000
oklahoma-state-cowboys-at-tulsa-golden-hurricane-week-1,oklahoma-state-cowboys,passing_completions,16.000000
oklahoma-state-cowboys-at-tulsa-golden-hurricane-week-1,oklahoma-state-cowboys,passing_attempts,27.000000
oklahoma-state-cowboys-at-tulsa-golden-hurricane-week-1,oklahoma-state-cowboys,yards_per_pass,6.900000
oklahoma-state-cowboys-at-tulsa-golden-hurricane-week-1,oklahoma-state-cowboys,passing_touchdowns,0.000000
oklahoma-state-cowboys-at-tulsa-golden-hurricane-week-1,oklahoma-state-cowboys,total_rushing_yards,131.000000
oklahoma-state-cowboys-at-tulsa-golden-hurricane-week-1,oklahoma-state-cowboys,rushing_attempts,45.000000
oklahoma-state-cowboys-at-tulsa-golden-hurricane-week-1,oklahoma-state-cowboys,yards_per_rush,2.900000
oklahoma-state-cowboys-at-tulsa-golden-hurricane-week-1,oklahoma-state-cowboys,rushing_touchdowns,2.000000
oklahoma-state-cowboys-at-tulsa-golden-hurricane-week-1,oklahoma-state-cowboys,tackles_for_loss,1.000000
oklahoma-state-cowboys-at-tulsa-golden-hurricane-week-1,oklahoma-state-cowboys,pass_deflections,1.000000
oklahoma-state-cowboys-at-tulsa-golden-hurricane-week-1,oklahoma-state-cowboys,sacks,1.000000
oklahoma-state-cowboys-at-tulsa-golden-hurricane-week-1,oklahoma-state-cowboys,total_turnovers,0.000000
oklahoma-state-cowboys-at-tulsa-golden-hurricane-week-1,oklahoma-state-cowboys,fumbles_lost,0.000000
oklahoma-state-cowboys-at-tulsa-golden-hurricane-week-1,oklahoma-state-cowboys,interceptions,0.000000
oklahoma-state-cowboys-at-tulsa-golden-hurricane-week-1,oklahoma-state-cowboys,seconds_of_possession,2128.000000
oklahoma-state-cowboys-at-tulsa-golden-hurricane-week-1,oklahoma-state-cowboys,total_drives,11.000000
oklahoma-state-cowboys-at-tulsa-golden-hurricane-week-1,oklahoma-state-cowboys,total_plays,72.000000
oklahoma-state-cowboys-at-tulsa-golden-hurricane-week-1,oklahoma-state-cowboys,total_yards,317.000000
oklahoma-state-cowboys-at-tulsa-golden-hurricane-week-1,oklahoma-state-cowboys,yards_per_play,4.400000
oklahoma-state-cowboys-at-tulsa-golden-hurricane-week-1,oklahoma-state-cowboys,redzone_touchdowns,4.000000
oklahoma-state-cowboys-at-tulsa-golden-hurricane-week-1,oklahoma-state-cowboys,redzone_attempts,4.000000
northern-arizona-lumberjacks-at-arizona-wildcats-week-1,northern-arizona-lumberjacks,seconds_of_possession,1472.000000
northern-arizona-lumberjacks-at-arizona-wildcats-week-1,northern-arizona-lumberjacks,total_drives,11.000000
northern-arizona-lumberjacks-at-arizona-wildcats-week-1,northern-arizona-lumberjacks,total_plays,53.000000
northern-arizona-lumberjacks-at-arizona-wildcats-week-1,northern-arizona-lumberjacks,total_yards,342.000000
northern-arizona-lumberjacks-at-arizona-wildcats-week-1,northern-arizona-lumberjacks,yards_per_play,6.500000
northern-arizona-lumberjacks-at-arizona-wildcats-week-1,northern-arizona-lumberjacks,redzone_touchdowns,1.000000
northern-arizona-lumberjacks-at-arizona-wildcats-week-1,northern-arizona-lumberjacks,redzone_attempts,1.000000
northern-arizona-lumberjacks-at-arizona-wildcats-week-1,northern-arizona-lumberjacks,yards_per_pass,7.200000
northern-arizona-lumberjacks-at-arizona-wildcats-week-1,northern-arizona-lumberjacks,passing_touchdowns,1.000000
northern-arizona-lumberjacks-at-arizona-wildcats-week-1,northern-arizona-lumberjacks,total_passing_yards,232.000000
northern-arizona-lumberjacks-at-arizona-wildcats-week-1,northern-arizona-lumberjacks,passing_completions,19.000000
northern-arizona-lumberjacks-at-arizona-wildcats-week-1,northern-arizona-lumberjacks,passing_attempts,32.000000
northern-arizona-lumberjacks-at-arizona-wildcats-week-1,northern-arizona-lumberjacks,total_rushing_yards,110.000000
northern-arizona-lumberjacks-at-arizona-wildcats-week-1,northern-arizona-lumberjacks,rushing_attempts,21.000000
northern-arizona-lumberjacks-at-arizona-wildcats-week-1,northern-arizona-lumberjacks,yards_per_rush,5.200000
northern-arizona-lumberjacks-at-arizona-wildcats-week-1,northern-arizona-lumberjacks,rushing_touchdowns,2.000000
northern-arizona-lumberjacks-at-arizona-wildcats-week-1,northern-arizona-lumberjacks,sacks,3.000000
northern-arizona-lumberjacks-at-arizona-wildcats-week-1,northern-arizona-lumberjacks,tackles_for_loss,5.000000
northern-arizona-lumberjacks-at-arizona-wildcats-week-1,northern-arizona-lumberjacks,pass_deflections,0.000000
northern-arizona-lumberjacks-at-arizona-wildcats-week-1,northern-arizona-lumberjacks,total_turnovers,1.000000
northern-arizona-lumberjacks-at-arizona-wildcats-week-1,northern-arizona-lumberjacks,fumbles_lost,0.000000
northern-arizona-lumberjacks-at-arizona-wildcats-week-1,northern-arizona-lumberjacks,interceptions,1.000000
northern-arizona-lumberjacks-at-arizona-wildcats-week-1,northern-arizona-lumberjacks,sacks,1.000000
northern-arizona-lumberjacks-at-arizona-wildcats-week-1,northern-arizona-lumberjacks,tackles_for_loss,1.000000
northern-arizona-lumberjacks-at-arizona-wildcats-week-1,northern-arizona-lumberjacks,pass_deflections,1.000000
northern-arizona-lumberjacks-at-arizona-wildcats-week-1,northern-arizona-lumberjacks,total_turnovers,0.000000
northern-arizona-lumberjacks-at-arizona-wildcats-week-1,northern-arizona-lumberjacks,fumbles_lost,0.000000
northern-arizona-lumberjacks-at-arizona-wildcats-week-1,northern-arizona-lumberjacks,interceptions,0.000000
northern-arizona-lumberjacks-at-arizona-wildcats-week-1,northern-arizona-lumberjacks,total_plays,72.000000
northern-arizona-lumberjacks-at-arizona-wildcats-week-1,northern-arizona-lumberjacks,total_yards,317.000000
northern-arizona-lumberjacks-at-arizona-wildcats-week-1,northern-arizona-lumberjacks,yards_per_play,4.400000
northern-arizona-lumberjacks-at-arizona-wildcats-week-1,northern-arizona-lumberjacks,redzone_touchdowns,4.000000
northern-arizona-lumberjacks-at-arizona-wildcats-week-1,northern-arizona-lumberjacks,redzone_attempts,4.000000
northern-arizona-lumberjacks-at-arizona-wildcats-week-1,northern-arizona-lumberjacks,seconds_of_possession,2128.000000
northern-arizona-lumberjacks-at-arizona-wildcats-week-1,northern-arizona-lumberjacks,total_drives,11.000000
northern-arizona-lumberjacks-at-arizona-wildcats-week-1,northern-arizona-lumberjacks,passing_touchdowns,0.000000
northern-arizona-lumberjacks-at-arizona-wildcats-week-1,northern-arizona-lumberjacks,total_passing_yards,186.000000
northern-arizona-lumberjacks-at-arizona-wildcats-week-1,northern-arizona-lumberjacks,passing_completions,16.000000
northern-arizona-lumberjacks-at-arizona-wildcats-week-1,northern-arizona-lumberjacks,passing_attempts,27.000000
northern-arizona-lumberjacks-at-arizona-wildcats-week-1,northern-arizona-lumberjacks,yards_per_pass,6.900000
northern-arizona-lumberjacks-at-arizona-wildcats-week-1,northern-arizona-lumberjacks,total_rushing_yards,131.000000
northern-arizona-lumberjacks-at-arizona-wildcats-week-1,northern-arizona-lumberjacks,rushing_attempts,45.000000
northern-arizona-lumberjacks-at-arizona-wildcats-week-1,northern-arizona-lumberjacks,yards_per_rush,2.900000
northern-arizona-lumberjacks-at-arizona-wildcats-week-1,northern-arizona-lumberjacks,rushing_touchdowns,2.000000
morgan-state-bears-at-arizona-state-sun-devils-week-1,morgan-state-bears,total_plays,53.000000
morgan-state-bears-at-arizona-state-sun-devils-week-1,morgan-state-bears,total_yards,342.000000
morgan-state-bears-at-arizona-state-sun-devils-week-1,morgan-state-bears,yards_per_play,6.500000
morgan-state-bears-at-arizona-state-sun-devils-week-1,morgan-state-bears,redzone_touchdowns,1.000000
morgan-state-bears-at-arizona-state-sun-devils-week-1,morgan-state-bears,redzone_attempts,1.000000
morgan-state-bears-at-arizona-state-sun-devils-week-1,morgan-state-bears,seconds_of_possession,1472.000000
morgan-state-bears-at-arizona-state-sun-devils-week-1,morgan-state-bears,total_drives,11.000000
morgan-state-bears-at-arizona-state-sun-devils-week-1,morgan-state-bears,total_passing_yards,232.000000
morgan-state-bears-at-arizona-state-sun-devils-week-1,morgan-state-bears,passing_completions,19.000000
morgan-state-bears-at-arizona-state-sun-devils-week-1,morgan-state-bears,passing_attempts,32.000000
morgan-state-bears-at-arizona-state-sun-devils-week-1,morgan-state-bears,yards_per_pass,7.200000
morgan-state-bears-at-arizona-state-sun-devils-week-1,morgan-state-bears,passing_touchdowns,1.000000
morgan-state-bears-at-arizona-state-sun-devils-week-1,morgan-state-bears,total_rushing_yards,110.000000
morgan-state-bears-at-arizona-state-sun-devils-week-1,morgan-state-bears,rushing_attempts,21.000000
morgan-state-bears-at-arizona-state-sun-devils-week-1,morgan-state-bears,yards_per_rush,5.200000
morgan-state-bears-at-arizona-state-sun-devils-week-1,morgan-state-bears,rushing_touchdowns,2.000000
morgan-state-bears-at-arizona-state-sun-devils-week-1,morgan-state-bears,sacks,3.000000
morgan-state-bears-at-arizona-state-sun-devils-week-1,morgan-state-bears,tackles_for_loss,5.000000
morgan-state-bears-at-arizona-state-sun-devils-week-1,morgan-state-bears,pass_deflections,0.000000
morgan-state-bears-at-arizona-state-sun-devils-week-1,morgan-state-bears,fumbles_lost,0.000000
morgan-state-bears-at-arizona-state-sun-devils-week-1,morgan-state-bears,interceptions,1.000000
morgan-state-bears-at-arizona-state-sun-devils-week-1,morgan-state-bears,total_turnovers,1.000000
morgan-state-bears-at-arizona-state-sun-devils-week-1,morgan-state-bears,tackles_for_loss,1.000000
morgan-state-bears-at-arizona-state-sun-devils-week-1,morgan-state-bears,pass_deflections,1.000000
morgan-state-bears-at-arizona-state-sun-devils-week-1,morgan-state-bears,sacks,1.000000
morgan-state-bears-at-arizona-state-sun-devils-week-1,morgan-state-bears,fumbles_lost,0.000000
morgan-state-bears-at-arizona-state-sun-devils-week-1,morgan-state-bears,interceptions,0.000000
morgan-state-bears-at-arizona-state-sun-devils-week-1,morgan-state-bears,total_turnovers,0.000000
morgan-state-bears-at-arizona-state-sun-devils-week-1,morgan-state-bears,seconds_of_possession,2128.000000
morgan-state-bears-at-arizona-state-sun-devils-week-1,morgan-state-bears,total_drives,11.000000
morgan-state-bears-at-arizona-state-sun-devils-week-1,morgan-state-bears,total_plays,72.000000
morgan-state-bears-at-arizona-state-sun-devils-week-1,morgan-state-bears,total_yards,317.000000
morgan-state-bears-at-arizona-state-sun-devils-week-1,morgan-state-bears,yards_per_play,4.400000
morgan-state-bears-at-arizona-state-sun-devils-week-1,morgan-state-bears,redzone_touchdowns,4.000000
morgan-state-bears-at-arizona-state-sun-devils-week-1,morgan-state-bears,redzone_attempts,4.000000
morgan-state-bears-at-arizona-state-sun-devils-week-1,morgan-state-bears,total_passing_yards,186.000000
morgan-state-bears-at-arizona-state-sun-devils-week-1,morgan-state-bears,passing_completions,16.000000
morgan-state-bears-at-arizona-state-sun-devils-week-1,morgan-state-bears,passing_attempts,27.000000
morgan-state-bears-at-arizona-state-sun-devils-week-1,morgan-state-bears,yards_per_pass,6.900000
morgan-state-bears-at-arizona-state-sun-devils-week-1,morgan-state-bears,passing_touchdowns,0.000000
morgan-state-bears-at-arizona-state-sun-devils-week-1,morgan-state-bears,total_rushing_yards,131.000000
morgan-state-bears-at-arizona-state-sun-devils-week-1,morgan-state-bears,rushing_attempts,45.000000
morgan-state-bears-at-arizona-state-sun-devils-week-1,morgan-state-bears,yards_per_rush,2.900000
morgan-state-bears-at-arizona-state-sun-devils-week-1,morgan-state-bears,rushing_touchdowns,2.000000
utah-tech-trailblazers-at-byu-cougars-week-1,utah-tech-trailblazers,redzone_touchdowns,1.000000
utah-tech-trailblazers-at-byu-cougars-week-1,utah-tech-trailblazers,redzone_attempts,1.000000
utah-tech-trailblazers-at-byu-cougars-week-1,utah-tech-trailblazers,seconds_of_possession,1472.000000
utah-tech-trailblazers-at-byu-cougars-week-1,utah-tech-trailblazers,total_drives,11.000000
utah-tech-trailblazers-at-byu-cougars-week-1,utah-tech-trailblazers,total_plays,53.000000
utah-tech-trailblazers-at-byu-cougars-week-1,utah-tech-trailblazers,total_yards,342.000000
utah-tech-trailblazers-at-byu-cougars-week-1,utah-tech-trailblazers,yards_per_play,6.500000
utah-tech-trailblazers-at-byu-cougars-week-1,utah-tech-trailblazers,passing_completions,19.000000
utah-tech-trailblazers-at-byu-cougars-week-1,utah-tech-trailblazers,passing_attempts,32.000000
utah-tech-trailblazers-at-byu-cougars-week-1,utah-tech-trailblazers,yards_per_pass,7.200000
utah-tech-trailblazers-at-byu-cougars-week-1,utah-tech-trailblazers,passing_touchdowns,1.000000
utah-tech-trailblazers-at-byu-cougars-week-1,utah-tech-trailblazers,total_passing_yards,232.000000
utah-tech-trailblazers-at-byu-cougars-week-1,utah-tech-trailblazers,total_rushing_yards,110.000000
utah-tech-trailblazers-at-byu-cougars-week-1,utah-tech-trailblazers,rushing_attempts,21.000000
utah-tech-trailblazers-at-byu-cougars-week-1,utah-tech-trailblazers,yards_per_rush,5.200000
utah-tech-trailblazers-at-byu-cougars-week-1,utah-tech-trailblazers,rushing_touchdowns,2.000000
utah-tech-trailblazers-at-byu-cougars-week-1,utah-tech-trailblazers,sacks,3.000000
utah-tech-trailblazers-at-byu-cougars-week-1,utah-tech-trailblazers,tackles_for_loss,5.000000
utah-tech-trailblazers-at-byu-cougars-week-1,utah-tech-trailblazers,pass_deflections,0.000000
utah-tech-trailblazers-at-byu-cougars-week-1,utah-tech-trailblazers,interceptions,1.000000
utah-tech-trailblazers-at-byu-cougars-week-1,utah-tech-trailblazers,total_turnovers,1.000000
utah-tech-trailblazers-at-byu-cougars-week-1,utah-tech-trailblazers,fumbles_lost,0.000000
utah-tech-trailblazers-at-byu-cougars-week-1,utah-tech-trailblazers,total_yards,317.000000
utah-tech-trailblazers-at-byu-cougars-week-1,utah-tech-trailblazers,yards_per_play,4.400000
utah-tech-trailblazers-at-byu-cougars-week-1,utah-tech-trailblazers,redzone_touchdowns,4.000000
utah-tech-trailblazers-at-byu-cougars-week-1,utah-tech-trailblazers,redzone_attempts,4.000000
utah-tech-trailblazers-at-byu-cougars-week-1,utah-tech-trailblazers,seconds_of_possession,2128.000000
utah-tech-trailblazers-at-byu-cougars-week-1,utah-tech-trailblazers,total_drives,11.000000
utah-tech-trailblazers-at-byu-cougars-week-1,utah-tech-trailblazers,total_plays,72.000000
utah-tech-trailblazers-at-byu-cougars-week-1,utah-tech-trailblazers,passing_touchdowns,0.000000
utah-tech-trailblazers-at-byu-cougars-week-1,utah-tech-trailblazers,total_passing_yards,186.000000
utah-tech-trailblazers-at-byu-cougars-week-1,utah-tech-trailblazers,passing_completions,16.000000
utah-tech-trailblazers-at-byu-cougars-week-1,utah-tech-trailblazers,passing_attempts,27.000000
utah-tech-trailblazers-at-byu-cougars-week-1,utah-tech-trailblazers,yards_per_pass,6.900000
utah-tech-trailblazers-at-byu-cougars-week-1,utah-tech-trailblazers,rushing_touchdowns,2.000000
utah-tech-trailblazers-at-byu-cougars-week-1,utah-tech-trailblazers,total_rushing_yards,131.000000
utah-tech-trailblazers-at-byu-cougars-week-1,utah-tech-trailblazers,rushing_attempts,45.000000
utah-tech-trailblazers-at-byu-cougars-week-1,utah-tech-trailblazers,yards_per_rush,2.900000
utah-tech-trailblazers-at-byu-cougars-week-1,utah-tech-trailblazers,pass_deflections,1.000000
utah-tech-trailblazers-at-byu-cougars-week-1,utah-tech-trailblazers,sacks,1.000000
utah-tech-trailblazers-at-byu-cougars-week-1,utah-tech-trailblazers,tackles_for_loss,1.000000
utah-tech-trailblazers-at-byu-cougars-week-1,utah-tech-trailblazers,total_turnovers,0.000000
utah-tech-trailblazers-at-byu-cougars-week-1,utah-tech-trailblazers,fumbles_lost,0.000000
utah-tech-trailblazers-at-byu-cougars-week-1,utah-tech-trailblazers,interceptions,0.000000
boston-college-eagles-at-cincinnati-bearcats-week-1,boston-college-eagles,yards_per_play,6.500000
boston-college-eagles-at-cincinnati-bearcats-week-1,boston-college-eagles,redzone_touchdowns,1.000000
boston-college-eagles-at-cincinnati-bearcats-week-1,boston-college-eagles,redzone_attempts,1.000000
boston-college-eagles-at-cincinnati-bearcats-week-1,boston-college-eagles,seconds_of_possession,1472.000000
boston-college-eagles-at-cincinnati-bearcats-week-1,boston-college-eagles,total_drives,11.000000
boston-college-eagles-at-cincinnati-bearcats-week-1,boston-college-eagles,total_plays,53.000000
boston-college-eagles-at-cincinnati-bearcats-week-1,boston-college-eagles,total_yards,342.000000
boston-college-eagles-at-cincinnati-bearcats-week-1,boston-college-eagles,passing_touchdowns,1.000000
boston-college-eagles-at-cincinnati-bearcats-week-1,boston-college-eagles,total_passing_yards,232.000000
boston-college-eagles-at-cincinnati-bearcats-week-1,boston-college-eagles,passing_completions,19.000000
boston-college-eagles-at-cincinnati-bearcats-week-1,boston-college-eagles,passing_attempts,32.000000
boston-college-eagles-at-cincinnati-bearcats-week-1,boston-college-eagles,yards_per_pass,7.200000
boston-college-eagles-at-cincinnati-bearcats-week-1,boston-college-eagles,total_rushing_yards,110.000000
boston-college-eagles-at-cincinnati-bearcats-week-1,boston-college-eagles,rushing_attempts,21.000000
boston-college-eagles-at-cincinnati-bearcats-week-1,boston-college-eagles,yards_per_rush,5.200000
boston-college-eagles-at-cincinnati-bearcats-week-1,boston-college-eagles,rushing_touchdowns,2.000000
boston-college-eagles-at-cincinnati-bearcats-week-1,boston-college-eagles,tackles_for_loss,5.000000
boston-college-eagles-at-cincinnati-bearcats-week-1,boston-college-eagles,pass_deflections,0.000000
boston-college-eagles-at-cincinnati-bearcats-week-1,boston-college-eagles,sacks,3.000000
boston-college-eagles-at-cincinnati-bearcats-week-1,boston-college-eagles,total_turnovers,1.000000
boston-college-eagles-at-cincinnati-bearcats-week-1,boston-college-eagles,fumbles_lost,0.000000
boston-college-eagles-at-cincinnati-bearcats-week-1,boston-college-eagles,interceptions,1.000000
boston-college-eagles-at-cincinnati-bearcats-week-1,boston-college-eagles,total_drives,11.000000
boston-college-eagles-at-cincinnati-bearcats-week-1,boston-college-eagles,total_plays,72.000000
boston-college-eagles-at-cincinnati-bearcats-week-1,boston-college-eagles,total_yards,317.000000
boston-college-eagles-at-cincinnati-bearcats-week-1,boston-college-eagles,yards_per_play,4.400000
boston-college-eagles-at-cincinnati-bearcats-week-1,boston-college-eagles,redzone_touchdowns,4.000000
boston-college-eagles-at-cincinnati-bearcats-week-1,boston-college-eagles,redzone_attempts,4.000000
boston-college-eagles-at-cincinnati-bearcats-week-1,boston-college-eagles,seconds_of_possession,2128.000000
boston-college-eagles-at-cincinnati-bearcats-week-1,boston-college-eagles,total_passing_yards,186.000000
boston-college-eagles-at-cincinnati-bearcats-week-1,boston-college-eagles,passing_completions,16.000000
boston-college-eagles-at-cincinnati-bearcats-week-1,boston-college-eagles,passing_attempts,27.000000
boston-college-eagles-at-cincinnati-bearcats-week-1,boston-college-eagles,yards_per_pass,6.900000
boston-college-eagles-at-cincinnati-bearcats-week-1,boston-college-eagles,passing_touchdowns,0.000000
boston-college-eagles-at-cincinnati-bearcats-week-1,boston-college-eagles,total_rushing_yards,131.000000
boston-college-eagles-at-cincinnati-bearcats-week-1,boston-college-eagles,rushing_attempts,45.000000
boston-college-eagles-at-cincinnati-bearcats-week-1,boston-college-eagles,yards_per_rush,2.900000
boston-college-eagles-at-cincinnati-bearcats-week-1,boston-college-eagles,rushing_touchdowns,2.000000
boston-college-eagles-at-cincinnati-bearcats-week-1,boston-college-eagles,sacks,1.000000
boston-college-eagles-at-cincinnati-bearcats-week-1,boston-college-eagles,tackles_for_loss,1.000000
boston-college-eagles-at-cincinnati-bearcats-week-1,boston-college-eagles,pass_deflections,1.000000
boston-college-eagles-at-cincinnati-bearcats-week-1,boston-college-eagles,total_turnovers,0.000000
boston-college-eagles-at-cincinnati-bearcats-week-1,boston-college-eagles,fumbles_lost,0.000000
boston-college-eagles-at-cincinnati-bearcats-week-1,boston-college-eagles,interceptions,0.000000
oregon-state-beavers-at-houston-cougars-week-1,oregon-state-beavers,total_rushing_yards,110.000000
oregon-state-beavers-at-houston-cougars-week-1,oregon-state-beavers,rushing_attempts,21.000000
oregon-state-beavers-at-houston-cougars-week-1,oregon-state-beavers,yards_per_rush,5.200000
oregon-state-beavers-at-houston-cougars-week-1,oregon-state-beavers,rushing_touchdowns,2.000000
oregon-state-beavers-at-houston-cougars-week-1,oregon-state-beavers,sacks,3.000000
oregon-state-beavers-at-houston-cougars-week-1,oregon-state-beavers,tackles_for_loss,5.000000
oregon-state-beavers-at-houston-cougars-week-1,oregon-state-beavers,pass_deflections,0.000000
oregon-state-beavers-at-houston-cougars-week-1,oregon-state-beavers,total_turnovers,1.000000
oregon-state-beavers-at-houston-cougars-week-1,oregon-state-beavers,fumbles_lost,0.000000
oregon-state-beavers-at-houston-cougars-week-1,oregon-state-beavers,interceptions,1.000000
oregon-state-beavers-at-houston-cougars-week-1,oregon-state-beavers,total_yards,342.000000
oregon-state-beavers-at-houston-cougars-week-1,oregon-state-beavers,yards_per_play,6.500000
oregon-state-beavers-at-houston-cougars-week-1,oregon-state-beavers,redzone_touchdowns,1.000000
oregon-state-beavers-at-houston-cougars-week-1,oregon-state-beavers,redzone_attempts,1.000000
oregon-state-beavers-at-houston-cougars-week-1,oregon-state-beavers,seconds_of_possession,1472.000000
oregon-state-beavers-at-houston-cougars-week-1,oregon-state-beavers,total_drives,11.000000
oregon-state-beavers-at-houston-cougars-week-1,oregon-state-beavers,total_plays,53.000000
oregon-state-beavers-at-houston-cougars-week-1,oregon-state-beavers,yards_per_pass,7.200000
oregon-state-beavers-at-houston-cougars-week-1,oregon-state-beavers,passing_touchdowns,1.000000
oregon-state-beavers-at-houston-cougars-week-1,oregon-state-beavers,total_passing_yards,232.000000
oregon-state-beavers-at-houston-cougars-week-1,oregon-state-beavers,passing_completions,19.000000
oregon-state-beavers-at-houston-cougars-week-1,oregon-state-beavers,passing_attempts,32.000000
oregon-state-beavers-at-houston-cougars-week-1,oregon-state-beavers,total_rushing_yards,131.000000
oregon-state-beavers-at-houston-cougars-week-1,oregon-state-beavers,rushing_attempts,45.000000
oregon-state-beavers-at-houston-cougars-week-1,oregon-state-beavers,yards_per_rush,2.900000
oregon-state-beavers-at-houston-cougars-week-1,oregon-state-beavers,rushing_touchdowns,2.000000
oregon-state-beavers-at-houston-cougars-week-1,oregon-state-beavers,sacks,1.000000
oregon-state-beavers-at-houston-cougars-week-1,oregon-state-beavers,tackles_for_loss,1.000000
oregon-state-beavers-at-houston-cougars-week-1,oregon-state-beavers,pass_deflections,1.000000
oregon-state-beavers-at-houston-cougars-week-1,oregon-state-beavers,total_turnovers,0.000000
oregon-state-beavers-at-houston-cougars-week-1,oregon-state-beavers,fumbles_lost,0.000000
oregon-state-beavers-at-houston-cougars-week-1,oregon-state-beavers,interceptions,0.000000
oregon-state-beavers-at-houston-cougars-week-1,oregon-state-beavers,seconds_of_possession,2128.000000
oregon-state-beavers-at-houston-cougars-week-1,oregon-state-beavers,total_drives,11.000000
oregon-state-beavers-at-houston-cougars-week-1,oregon-state-beavers,total_plays,72.000000
oregon-state-beavers-at-houston-cougars-week-1,oregon-state-beavers,total_yards,317.000000
oregon-state-beavers-at-houston-cougars-week-1,oregon-state-beavers,yards_per_play,4.400000
oregon-state-beavers-at-houston-cougars-week-1,oregon-state-beavers,redzone_touchdowns,4.000000
oregon-state-beavers-at-houston-cougars-week-1,oregon-state-beavers,redzone_attempts,4.000000
oregon-state-beavers-at-houston-cougars-week-1,oregon-state-beavers,passing_attempts,27.000000
oregon-state-beavers-at-houston-cougars-week-1,oregon-state-beavers,yards_per_pass,6.900000
oregon-state-beavers-at-houston-cougars-week-1,oregon-state-beavers,passing_touchdowns,0.000000
oregon-state-beavers-at-houston-cougars-week-1,oregon-state-beavers,total_passing_yards,186.000000
oregon-state-beavers-at-houston-cougars-week-1,oregon-state-beavers,passing_completions,16.000000
southeast-missouri-state-redhawks-at-iowa-state-cyclones-week-1,southeast-missouri-state-redhawks,sacks,3.000000
southeast-missouri-state-redhawks-at-iowa-state-cyclones-week-1,southeast-missouri-state-redhawks,tackles_for_loss,5.000000
southeast-missouri-state-redhawks-at-iowa-state-cyclones-week-1,southeast-missouri-state-redhawks,pass_deflections,0.000000
southeast-missouri-state-redhawks-at-iowa-state-cyclones-week-1,southeast-missouri-state-redhawks,total_turnovers,1.000000
southeast-missouri-state-redhawks-at-iowa-state-cyclones-week-1,southeast-missouri-state-redhawks,fumbles_lost,0.000000
southeast-missouri-state-redhawks-at-iowa-state-cyclones-week-1,southeast-missouri-state-redhawks,interceptions,1.000000
southeast-missouri-state-redhawks-at-iowa-state-cyclones-week-1,southeast-missouri-state-redhawks,seconds_of_possession,1472.000000
southeast-missouri-state-redhawks-at-iowa-state-cyclones-week-1,southeast-missouri-state-redhawks,total_drives,11.000000
southeast-missouri-state-redhawks-at-iowa-state-cyclones-week-1,southeast-missouri-state-redhawks,total_plays,53.000000
southeast-missouri-state-redhawks-at-iowa-state-cyclones-week-1,southeast-missouri-state-redhawks,total_yards,342.000000
southeast-missouri-state-redhawks-at-iowa-state-cyclones-week-1,southeast-missouri-state-redhawks,yards_per_play,6.500000
southeast-missouri-state-redhawks-at-iowa-state-cyclones-week-1,southeast-missouri-state-redhawks,redzone_touchdowns,1.000000
southeast-missouri-state-redhawks-at-iowa-state-cyclones-week-1,southeast-missouri-state-redhawks,redzone_attempts,1.000000
southeast-missouri-state-redhawks-at-iowa-state-cyclones-week-1,southeast-missouri-state-redhawks,total_passing_yards,232.000000
southeast-missouri-state-redhawks-at-iowa-state-cyclones-week-1,southeast-missouri-state-redhawks,passing_completions,19.000000
southeast-missouri-state-redhawks-at-iowa-state-cyclones-week-1,southeast-missouri-state-redhawks,passing_attempts,32.000000
southeast-missouri-state-redhawks-at-iowa-state-cyclones-week-1,southeast-missouri-state-redhawks,yards_per_pass,7.200000
southeast-missouri-state-redhawks-at-iowa-state-cyclones-week-1,southeast-missouri-state-redhawks,passing_touchdowns,1.000000
southeast-missouri-state-redhawks-at-iowa-state-cyclones-week-1,southeast-missouri-state-redhawks,yards_per_rush,5.200000
southeast-missouri-state-redhawks-at-iowa-state-cyclones-week-1,southeast-missouri-state-redhawks,rushing_touchdowns,2.000000
southeast-missouri-state-redhawks-at-iowa-state-cyclones-week-1,southeast-missouri-state-redhawks,total_rushing_yards,110.000000
southeast-missouri-state-redhawks-at-iowa-state-cyclones-week-1,southeast-missouri-state-redhawks,rushing_attempts,21.000000
southeast-missouri-state-redhawks-at-iowa-state-cyclones-week-1,southeast-missouri-state-redhawks,redzone_attempts,4.000000
southeast-missouri-state-redhawks-at-iowa-state-cyclones-week-1,southeast-missouri-state-redhawks,seconds_of_possession,2128.000000
southeast-missouri-state-redhawks-at-iowa-state-cyclones-week-1,southeast-missouri-state-redhawks,total_drives,11.000000
southeast-missouri-state-redhawks-at-iowa-state-cyclones-week-1,southeast-missouri-state-redhawks,total_plays,72.000000
southeast-missouri-state-redhawks-at-iowa-state-cyclones-week-1,southeast-missouri-state-redhawks,total_yards,317.000000
southeast-missouri-state-redhawks-at-iowa-state-cyclones-week-1,southeast-missouri-state-redhawks,yards_per_play,4.400000
southeast-missouri-state-redhawks-at-iowa-state-cyclones-week-1,southeast-missouri-state-redhawks,redzone_touchdowns,4.000000
southeast-missouri-state-redhawks-at-iowa-state-cyclones-week-1,southeast-missouri-state-redhawks,passing_touchdowns,0.000000
southeast-missouri-state-redhawks-at-iowa-state-cyclones-week-1,southeast-missouri-state-redhawks,total_passing_yards,186.000000
southeast-missouri-state-redhawks-at-iowa-state-cyclones-week-1,southeast-missouri-state-redhawks,passing_completions,16.000000
southeast-missouri-state-redhawks-at-iowa-state-cyclones-week-1,southeast-missouri-state-redhawks,passing_attempts,27.000000
southeast-missouri-state-redhawks-at-iowa-state-cyclones-week-1,southeast-missouri-state-redhawks,yards_per_pass,6.900000
southeast-missouri-state-redhawks-at-iowa-state-cyclones-week-1,southeast-missouri-state-redhawks,total_rushing_yards,131.000000
southeast-missouri-state-redhawks-at-iowa-state-cyclones-week-1,southeast-missouri-state-redhawks,rushing_attempts,45.000000
southeast-missouri-state-redhawks-at-iowa-state-cyclones-week-1,southeast-missouri-state-redhawks,yards_per_rush,2.900000
southeast-missouri-state-redhawks-at-iowa-state-cyclones-week-1,southeast-missouri-state-redhawks,rushing_touchdowns,2.000000
southeast-missouri-state-redhawks-at-iowa-state-cyclones-week-1,southeast-missouri-state-redhawks,sacks,1.000000
southeast-missouri-state-redhawks-at-iowa-state-cyclones-week-1,southeast-missouri-state-redhawks,tackles_for_loss,1.000000
southeast-missouri-state-redhawks-at-iowa-state-cyclones-week-1,southeast-missouri-state-redhawks,pass_deflections,1.000000
southeast-missouri-state-redhawks-at-iowa-state-cyclones-week-1,southeast-missouri-state-redhawks,total_turnovers,0.000000
southeast-missouri-state-redhawks-at-iowa-state-cyclones-week-1,southeast-missouri-state-redhawks,fumbles_lost,0.000000
southeast-missouri-state-redhawks-at-iowa-state-cyclones-week-1,southeast-missouri-state-redhawks,interceptions,0.000000
coastal-carolina-chanticleers-at-west-virginia-mountaineers-week-1,coastal-carolina-chanticleers,total_plays,53.000000
coastal-carolina-chanticleers-at-west-virginia-mountaineers-week-1,coastal-carolina-chanticleers,total_yards,342.000000
coastal-carolina-chanticleers-at-west-virginia-mountaineers-week-1,coastal-carolina-chanticleers,yards_per_play,6.500000
coastal-carolina-chanticleers-at-west-virginia-mountaineers-week-1,coastal-carolina-chanticleers,redzone_touchdowns,1.000000
coastal-carolina-chanticleers-at-west-virginia-mountaineers-week-1,coastal-carolina-chanticleers,redzone_attempts,1.000000
coastal-carolina-chanticleers-at-west-virginia-mountaineers-week-1,coastal-carolina-chanticleers,seconds_of_possession,1472.000000
coastal-carolina-chanticleers-at-west-virginia-mountaineers-week-1,coastal-carolina-chanticleers,total_drives,11.000000
coastal-carolina-chanticleers-at-west-virginia-mountaineers-week-1,coastal-carolina-chanticleers,yards_per_pass,7.200000
coastal-carolina-chanticleers-at-west-virginia-mountaineers-week-1,coastal-carolina-chanticleers,passing_touchdowns,1.000000
coastal-carolina-chanticleers-at-west-virginia-mountaineers-week-1,coastal-carolina-chanticleers,total_passing_yards,232.000000
coastal-carolina-chanticleers-at-west-virginia-mountaineers-week-1,coastal-carolina-chanticleers,passing_completions,19.000000
coastal-carolina-chanticleers-at-west-virginia-mountaineers-week-1,coastal-carolina-chanticleers,passing_attempts,32.000000
coastal-carolina-chanticleers-at-west-virginia-mountaineers-week-1,coastal-carolina-chanticleers,rushing_attempts,21.000000
coastal-carolina-chanticleers-at-west-virginia-mountaineers-week-1,coastal-carolina-chanticleers,yards_per_rush,5.200000
coastal-carolina-chanticleers-at-west-virginia-mountaineers-week-1,coastal-carolina-chanticleers,rushing_touchdowns,2.000000
coastal-carolina-chanticleers-at-west-virginia-mountaineers-week-1,coastal-carolina-chanticleers,total_rushing_yards,110.000000
coastal-carolina-chanticleers-at-west-virginia-mountaineers-week-1,coastal-carolina-chanticleers,sacks,3.000000
coastal-carolina-chanticleers-at-west-virginia-mountaineers-week-1,coastal-carolina-chanticleers,tackles_for_loss,5.000000
coastal-carolina-chanticleers-at-west-virginia-mountaineers-week-1,coastal-carolina-chanticleers,pass_deflections,0.000000
coastal-carolina-chanticleers-at-west-virginia-mountaineers-week-1,coastal-carolina-chanticleers,total_turnovers,1.000000
coastal-carolina-chanticleers-at-west-virginia-mountaineers-week-1,coastal-carolina-chanticleers,fumbles_lost,0.000000
coastal-carolina-chanticleers-at-west-virginia-mountaineers-week-1,coastal-carolina-chanticleers,interceptions,1.000000
coastal-carolina-chanticleers-at-west-virginia-mountaineers-week-1,coastal-carolina-chanticleers,seconds_of_possession,2128.000000
coastal-carolina-chanticleers-at-west-virginia-mountaineers-week-1,coastal-carolina-chanticleers,total_drives,11.000000
coastal-carolina-chanticleers-at-west-virginia-mountaineers-week-1,coastal-carolina-chanticleers,total_plays,72.000000
coastal-carolina-chanticleers-at-west-virginia-mountaineers-week-1,coastal-carolina-chanticleers,total_yards,317.000000
coastal-carolina-chanticleers-at-west-virginia-mountaineers-week-1,coastal-carolina-chanticleers,yards_per_play,4.400000
coastal-carolina-chanticleers-at-west-virginia-mountaineers-week-1,coastal-carolina-chanticleers,redzone_touchdowns,4.000000
coastal-carolina-chanticleers-at-west-virginia-mountaineers-week-1,coastal-carolina-chanticleers,redzone_attempts,4.000000
coastal-carolina-chanticleers-at-west-virginia-mountaineers-week-1,coastal-carolina-chanticleers,total_passing_yards,186.000000
coastal-carolina-chanticleers-at-west-virginia-mountaineers-week-1,coastal-carolina-chanticleers,passing_completions,16.000000
coastal-carolina-chanticleers-at-west-virginia-mountaineers-week-1,coastal-carolina-chanticleers,passing_attempts,27.000000
coastal-carolina-chanticleers-at-west-virginia-mountaineers-week-1,coastal-carolina-chanticleers,yards_per_pass,6.900000
coastal-carolina-chanticleers-at-west-virginia-mountaineers-week-1,coastal-carolina-chanticleers,passing_touchdowns,0.000000
coastal-carolina-chanticleers-at-west-virginia-mountaineers-week-1,coastal-carolina-chanticleers,rushing_attempts,45.000000
coastal-carolina-chanticleers-at-west-virginia-mountaineers-week-1,coastal-carolina-chanticleers,yards_per_rush,2.900000
coastal-carolina-chanticleers-at-west-virginia-mountaineers-week-1,coastal-carolina-chanticleers,rushing_touchdowns,2.000000
coastal-carolina-chanticleers-at-west-virginia-mountaineers-week-1,coastal-carolina-chanticleers,total_rushing_yards,131.000000
coastal-carolina-chanticleers-at-west-virginia-mountaineers-week-1,coastal-carolina-chanticleers,tackles_for_loss,1.000000
coastal-carolina-chanticleers-at-west-virginia-mountaineers-week-1,coastal-carolina-chanticleers,pass_deflections,1.000000
coastal-carolina-chanticleers-at-west-virginia-mountaineers-week-1,coastal-carolina-chanticleers,sacks,1.000000
coastal-carolina-chanticleers-at-west-virginia-mountaineers-week-1,coastal-carolina-chanticleers,interceptions,0.000000
coastal-carolina-chanticleers-at-west-virginia-mountaineers-week-1,coastal-carolina-chanticleers,total_turnovers,0.000000
coastal-carolina-chanticleers-at-west-virginia-mountaineers-week-1,coastal-carolina-chanticleers,fumbles_lost,0.000000
miami-oh-redhawks-at-pittsburgh-panthers-week-1,miami-oh-redhawks,passing_completions,19.000000
miami-oh-redhawks-at-pittsburgh-panthers-week-1,miami-oh-redhawks,passing_attempts,32.000000
miami-oh-redhawks-at-pittsburgh-panthers-week-1,miami-oh-redhawks,yards_per_pass,7.200000
miami-oh-redhawks-at-pittsburgh-panthers-week-1,miami-oh-redhawks,passing_touchdowns,1.000000
miami-oh-redhawks-at-pittsburgh-panthers-week-1,miami-oh-redhawks,total_passing_yards,232.000000
miami-oh-redhawks-at-pittsburgh-panthers-week-1,miami-oh-redhawks,total_rushing_yards,110.000000
miami-oh-redhawks-at-pittsburgh-panthers-week-1,miami-oh-redhawks,rushing_attempts,21.000000
miami-oh-redhawks-at-pittsburgh-panthers-week-1,miami-oh-redhawks,yards_per_rush,5.200000
miami-oh-redhawks-at-pittsburgh-panthers-week-1,miami-oh-redhawks,rushing_touchdowns,2.000000
miami-oh-redhawks-at-pittsburgh-panthers-week-1,miami-oh-redhawks,pass_deflections,0.000000
miami-oh-redhawks-at-pittsburgh-panthers-week-1,miami-oh-redhawks,sacks,3.000000
miami-oh-redhawks-at-pittsburgh-panthers-week-1,miami-oh-redhawks,tackles_for_loss,5.000000
miami-oh-redhawks-at-pittsburgh-panthers-week-1,miami-oh-redhawks,total_turnovers,1.000000
miami-oh-redhawks-at-pittsburgh-panthers-week-1,miami-oh-redhawks,fumbles_lost,0.000000
miami-oh-redhawks-at-pittsburgh-panthers-week-1,miami-oh-redhawks,interceptions,1.000000
miami-oh-redhawks-at-pittsburgh-panthers-week-1,miami-oh-redhawks,seconds_of_possession,1472.000000
miami-oh-redhawks-at-pittsburgh-panthers-week-1,miami-oh-redhawks,total_drives,11.000000
miami-oh-redhawks-at-pittsburgh-panthers-week-1,miami-oh-redhawks,total_plays,53.000000
miami-oh-redhawks-at-pittsburgh-panthers-week-1,miami-oh-redhawks,total_yards,342.000000
miami-oh-redhawks-at-pittsburgh-panthers-week-1,miami-oh-redhawks,yards_per_play,6.500000
miami-oh-redhawks-at-pittsburgh-panthers-week-1,miami-oh-redhawks,redzone_touchdowns,1.000000
miami-oh-redhawks-at-pittsburgh-panthers-week-1,miami-oh-redhawks,redzone_attempts,1.000000
miami-oh-redhawks-at-pittsburgh-panthers-week-1,miami-oh-redhawks,yards_per_play,4.400000
miami-oh-redhawks-at-pittsburgh-panthers-week-1,miami-oh-redhawks,redzone_touchdowns,4.000000
miami-oh-redhawks-at-pittsburgh-panthers-week-1,miami-oh-redhawks,redzone_attempts,4.000000
miami-oh-redhawks-at-pittsburgh-panthers-week-1,miami-oh-redhawks,seconds_of_possession,2128.000000
miami-oh-redhawks-at-pittsburgh-panthers-week-1,miami-oh-redhawks,total_drives,11.000000
miami-oh-redhawks-at-pittsburgh-panthers-week-1,miami-oh-redhawks,total_plays,72.000000
miami-oh-redhawks-at-pittsburgh-panthers-week-1,miami-oh-redhawks,total_yards,317.000000
miami-oh-redhawks-at-pittsburgh-panthers-week-1,miami-oh-redhawks,total_passing_yards,186.000000
miami-oh-redhawks-at-pittsburgh-panthers-week-1,miami-oh-redhawks,passing_completions,16.000000
miami-oh-redhawks-at-pittsburgh-panthers-week-1,miami-oh-redhawks,passing_attempts,27.000000
miami-oh-redhawks-at-pittsburgh-panthers-week-1,miami-oh-redhawks,yards_per_pass,6.900000
miami-oh-redhawks-at-pittsburgh-panthers-week-1,miami-oh-redhawks,passing_touchdowns,0.000000
miami-oh-redhawks-at-pittsburgh-panthers-week-1,miami-oh-redhawks,total_rushing_yards,131.000000
miami-oh-redhawks-at-pittsburgh-panthers-week-1,miami-oh-redhawks,rushing_attempts,45.000000
miami-oh-redhawks-at-pittsburgh-panthers-week-1,miami-oh-redhawks,yards_per_rush,2.900000
miami-oh-redhawks-at-pittsburgh-panthers-week-1,miami-oh-redhawks,rushing_touchdowns,2.000000
miami-oh-redhawks-at-pittsburgh-panthers-week-1,miami-oh-redhawks,pass_deflections,1.000000
miami-oh-redhawks-at-pittsburgh-panthers-week-1,miami-oh-redhawks,sacks,1.000000
miami-oh-redhawks-at-pittsburgh-panthers-week-1,miami-oh-redhawks,tackles_for_loss,1.000000
miami-oh-redhawks-at-pittsburgh-panthers-week-1,miami-oh-redhawks,total_turnovers,0.000000
miami-oh-redhawks-at-pittsburgh-panthers-week-1,miami-oh-redhawks,fumbles_lost,0.000000
miami-oh-redhawks-at-pittsburgh-panthers-week-1,miami-oh-redhawks,interceptions,0.000000
new-hampshire-wildcats-at-syracuse-orange-week-1,new-hampshire-wildcats,rushing_touchdowns,2.000000
new-hampshire-wildcats-at-syracuse-orange-week-1,new-hampshire-wildcats,total_rushing_yards,110.000000
new-hampshire-wildcats-at-syracuse-orange-week-1,new-hampshire-wildcats,rushing_attempts,21.000000
new-hampshire-wildcats-at-syracuse-orange-week-1,new-hampshire-wildcats,yards_per_rush,5.200000
new-hampshire-wildcats-at-syracuse-orange-week-1,new-hampshire-wildcats,tackles_for_loss,5.000000
new-hampshire-wildcats-at-syracuse-orange-week-1,new-hampshire-wildcats,pass_deflections,0.000000
new-hampshire-wildcats-at-syracuse-orange-week-1,new-hampshire-wildcats,sacks,3.000000
new-hampshire-wildcats-at-syracuse-orange-week-1,new-hampshire-wildcats,total_turnovers,1.000000
new-hampshire-wildcats-at-syracuse-orange-week-1,new-hampshire-wildcats,fumbles_lost,0.000000
new-hampshire-wildcats-at-syracuse-orange-week-1,new-hampshire-wildcats,interceptions,1.000000
new-hampshire-wildcats-at-syracuse-orange-week-1,new-hampshire-wildcats,yards_per_play,6.500000
new-hampshire-wildcats-at-syracuse-orange-week-1,new-hampshire-wildcats,redzone_touchdowns,1.000000
new-hampshire-wildcats-at-syracuse-orange-week-1,new-hampshire-wildcats,redzone_attempts,1.000000
new-hampshire-wildcats-at-syracuse-orange-week-1,new-hampshire-wildcats,seconds_of_possession,1472.000000
new-hampshire-wildcats-at-syracuse-orange-week-1,new-hampshire-wildcats,total_drives,11.000000
new-hampshire-wildcats-at-syracuse-orange-week-1,new-hampshire-wildcats,total_plays,53.000000
new-hampshire-wildcats-at-syracuse-orange-week-1,new-hampshire-wildcats,total_yards,342.000000
new-hampshire-wildcats-at-syracuse-orange-week-1,new-hampshire-wildcats,total_passing_yards,232.000000
new-hampshire-wildcats-at-syracuse-orange-week-1,new-hampshire-wildcats,passing_completions,19.000000
new-hampshire-wildcats-at-syracuse-orange-week-1,new-hampshire-wildcats,passing_attempts,32.000000
new-hampshire-wildcats-at-syracuse-orange-week-1,new-hampshire-wildcats,yards_per_pass,7.200000
new-hampshire-wildcats-at-syracuse-orange-week-1,new-hampshire-wildcats,passing_touchdowns,1.000000
new-hampshire-wildcats-at-syracuse-orange-week-1,new-hampshire-wildcats,total_passing_yards,186.000000
new-hampshire-wildcats-at-syracuse-orange-week-1,new-hampshire-wildcats,passing_completions,16.000000
new-hampshire-wildcats-at-syracuse-orange-week-1,new-hampshire-wildcats,passing_attempts,27.000000
new-hampshire-wildcats-at-syracuse-orange-week-1,new-hampshire-wildcats,yards_per_pass,6.900000
new-hampshire-wildcats-at-syracuse-orange-week-1,new-hampshire-wildcats,passing_touchdowns,0.000000
new-hampshire-wildcats-at-syracuse-orange-week-1,new-hampshire-wildcats,total_rushing_yards,131.000000
new-hampshire-wildcats-at-syracuse-orange-week-1,new-hampshire-wildcats,rushing_attempts,45.000000
new-hampshire-wildcats-at-syracuse-orange-week-1,new-hampshire-wildcats,yards_per_rush,2.900000
new-hampshire-wildcats-at-syracuse-orange-week-1,new-hampshire-wildcats,rushing_touchdowns,2.000000
new-hampshire-wildcats-at-syracuse-orange-week-1,new-hampshire-wildcats,sacks,1.000000
new-hampshire-wildcats-at-syracuse-orange-week-1,new-hampshire-wildcats,tackles_for_loss,1.000000
new-hampshire-wildcats-at-syracuse-orange-week-1,new-hampshire-wildcats,pass_deflections,1.000000
new-hampshire-wildcats-at-syracuse-orange-week-1,new-hampshire-wildcats,total_turnovers,0.000000
new-hampshire-wildcats-at-syracuse-orange-week-1,new-hampshire-wildcats,fumbles_lost,0.000000
new-hampshire-wildcats-at-syracuse-orange-week-1,new-hampshire-wildcats,interceptions,0.000000
new-hampshire-wildcats-at-syracuse-orange-week-1,new-hampshire-wildcats,total_yards,317.000000
new-hampshire-wildcats-at-syracuse-orange-week-1,new-hampshire-wildcats,yards_per_play,4.400000
new-hampshire-wildcats-at-syracuse-orange-week-1,new-hampshire-wildcats,redzone_touchdowns,4.000000
new-hampshire-wildcats-at-syracuse-orange-week-1,new-hampshire-wildcats,redzone_attempts,4.000000
new-hampshire-wildcats-at-syracuse-orange-week-1,new-hampshire-wildcats,seconds_of_possession,2128.000000
new-hampshire-wildcats-at-syracuse-orange-week-1,new-hampshire-wildcats,total_drives,11.000000
new-hampshire-wildcats-at-syracuse-orange-week-1,new-hampshire-wildcats,total_plays,72.000000
tulane-green-wave-at-duke-blue-devils-week-1,tulane-green-wave,redzone_attempts,1.000000
tulane-green-wave-at-duke-blue-devils-week-1,tulane-green-wave,seconds_of_possession,1472.000000
tulane-green-wave-at-duke-blue-devils-week-1,tulane-green-wave,total_drives,11.000000
tulane-green-wave-at-duke-blue-devils-week-1,tulane-green-wave,total_plays,53.000000
tulane-green-wave-at-duke-blue-devils-week-1,tulane-green-wave,total_yards,342.000000
tulane-green-wave-at-duke-blue-devils-week-1,tulane-green-wave,yards_per_play,6.500000
tulane-green-wave-at-duke-blue-devils-week-1,tulane-green-wave,redzone_touchdowns,1.000000
tulane-green-wave-at-duke-blue-devils-week-1,tulane-green-wave,passing_completions,19.000000
tulane-green-wave-at-duke-blue-devils-week-1,tulane-green-wave,passing_attempts,32.000000
tulane-green-wave-at-duke-blue-devils-week-1,tulane-green-wave,yards_per_pass,7.200000
tulane-green-wave-at-duke-blue-devils-week-1,tulane-green-wave,passing_touchdowns,1.000000
tulane-green-wave-at-duke-blue-devils-week-1,tulane-green-wave,total_passing_yards,232.000000
tulane-green-wave-at-duke-blue-devils-week-1,tulane-green-wave,rushing_touchdowns,2.000000
tulane-green-wave-at-duke-blue-devils-week-1,tulane-green-wave,total_rushing_yards,110.000000
tulane-green-wave-at-duke-blue-devils-week-1,tulane-green-wave,rushing_attempts,21.000000
tulane-green-wave-at-duke-blue-devils-week-1,tulane-green-wave,yards_per_rush,5.200000
tulane-green-wave-at-duke-blue-devils-week-1,tulane-green-wave,sacks,3.000000
tulane-green-wave-at-duke-blue-devils-week-1,tulane-green-wave,tackles_for_loss,5.000000
tulane-green-wave-at-duke-blue-devils-week-1,tulane-green-wave,pass_deflections,0.000000
tulane-green-wave-at-duke-blue-devils-week-1,tulane-green-wave,total_turnovers,1.000000
tulane-green-wave-at-duke-blue-devils-week-1,tulane-green-wave,fumbles_lost,0.000000
tulane-green-wave-at-duke-blue-devils-week-1,tulane-green-wave,interceptions,1.000000
tulane-green-wave-at-duke-blue-devils-week-1,tulane-green-wave,passing_completions,16.000000
tulane-green-wave-at-duke-blue-devils-week-1,tulane-green-wave,passing_attempts,27.000000
tulane-green-wave-at-duke-blue-devils-week-1,tulane-green-wave,yards_per_pass,6.900000
tulane-green-wave-at-duke-blue-devils-week-1,tulane-green-wave,passing_touchdowns,0.000000
tulane-green-wave-at-duke-blue-devils-week-1,tulane-green-wave,total_passing_yards,186.000000
tulane-green-wave-at-duke-blue-devils-week-1,tulane-green-wave,total_rushing_yards,131.000000
tulane-green-wave-at-duke-blue-devils-week-1,tulane-green-wave,rushing_attempts,45.000000
tulane-green-wave-at-duke-blue-devils-week-1,tulane-green-wave,yards_per_rush,2.900000
tulane-green-wave-at-duke-blue-devils-week-1,tulane-green-wave,rushing_touchdowns,2.000000
tulane-green-wave-at-duke-blue-devils-week-1,tulane-green-wave,sacks,1.000000
tulane-green-wave-at-duke-blue-devils-week-1,tulane-green-wave,tackles_for_loss,1.000000
tulane-green-wave-at-duke-blue-devils-week-1,tulane-green-wave,pass_deflections,1.000000
tulane-green-wave-at-duke-blue-devils-week-1,tulane-green-wave,total_turnovers,0.000000
tulane-green-wave-at-duke-blue-devils-week-1,tulane-green-wave,fumbles_lost,0.000000
tulane-green-wave-at-duke-blue-devils-week-1,tulane-green-wave,interceptions,0.000000
tulane-green-wave-at-duke-blue-devils-week-1,tulane-green-wave,redzone_touchdowns,4.000000
tulane-green-wave-at-duke-blue-devils-week-1,tulane-green-wave,redzone_attempts,4.000000
tulane-green-wave-at-duke-blue-devils-week-1,tulane-green-wave,seconds_of_possession,2128.000000
tulane-green-wave-at-duke-blue-devils-week-1,tulane-green-wave,total_drives,11.000000
tulane-green-wave-at-duke-blue-devils-week-1,tulane-green-wave,total_plays,72.000000
tulane-green-wave-at-duke-blue-devils-week-1,tulane-green-wave,total_yards,317.000000
tulane-green-wave-at-duke-blue-devils-week-1,tulane-green-wave,yards_per_play,4.400000
ucla-bruins-at-california-golden-bears-week-1,ucla-bruins,yards_per_rush,5.200000
ucla-bruins-at-california-golden-bears-week-1,ucla-bruins,rushing_touchdowns,2.000000
ucla-bruins-at-california-golden-bears-week-1,ucla-bruins,total_rushing_yards,110.000000
ucla-bruins-at-california-golden-bears-week-1,ucla-bruins,rushing_attempts,21.000000
ucla-bruins-at-california-golden-bears-week-1,ucla-bruins,sacks,3.000000
ucla-bruins-at-california-golden-bears-week-1,ucla-bruins,tackles_for_loss,5.000000
ucla-bruins-at-california-golden-bears-week-1,ucla-bruins,pass_deflections,0.000000
ucla-bruins-at-california-golden-bears-week-1,ucla-bruins,interceptions,1.000000
ucla-bruins-at-california-golden-bears-week-1,ucla-bruins,total_turnovers,1.000000
ucla-bruins-at-california-golden-bears-week-1,ucla-bruins,fumbles_lost,0.000000
ucla-bruins-at-california-golden-bears-week-1,ucla-bruins,seconds_of_possession,1472.000000
ucla-bruins-at-california-golden-bears-week-1,ucla-bruins,total_drives,11.000000
ucla-bruins-at-california-golden-bears-week-1,ucla-bruins,total_plays,53.000000
ucla-bruins-at-california-golden-bears-week-1,ucla-bruins,total_yards,342.000000
ucla-bruins-at-california-golden-bears-week-1,ucla-bruins,yards_per_play,6.500000
ucla-bruins-at-california-golden-bears-week-1,ucla-bruins,redzone_touchdowns,1.000000
ucla-bruins-at-california-golden-bears-week-1,ucla-bruins,redzone_attempts,1.000000
ucla-bruins-at-california-golden-bears-week-1,ucla-bruins,passing_touchdowns,1.000000
ucla-bruins-at-california-golden-bears-week-1,ucla-bruins,total_passing_yards,232.000000
ucla-bruins-at-california-golden-bears-week-1,ucla-bruins,passing_completions,19.000000
ucla-bruins-at-california-golden-bears-week-1,ucla-bruins,passing_attempts,32.000000
ucla-bruins-at-california-golden-bears-week-1,ucla-bruins,yards_per_pass,7.200000
ucla-bruins-at-california-golden-bears-week-1,ucla-bruins,total_plays,72.000000
ucla-bruins-at-california-golden-bears-week-1,ucla-bruins,total_yards,317.000000
ucla-bruins-at-california-golden-bears-week-1,ucla-bruins,yards_per_play,4.400000
ucla-bruins-at-california-golden-bears-week-1,ucla-bruins,redzone_touchdowns,4.000000
ucla-bruins-at-california-golden-bears-week-1,ucla-bruins,redzone_attempts,4.000000
ucla-bruins-at-california-golden-bears-week-1,ucla-bruins,seconds_of_possession,2128.000000
ucla-bruins-at-california-golden-bears-week-1,ucla-bruins,total_drives,11.000000
ucla-bruins-at-california-golden-bears-week-1,ucla-bruins,total_passing_yards,186.000000
ucla-bruins-at-california-golden-bears-week-1,ucla-bruins,passing_completions,16.000000
ucla-bruins-at-california-golden-bears-week-1,ucla-bruins,passing_attempts,27.000000
ucla-bruins-at-california-golden-bears-week-1,ucla-bruins,yards_per_pass,6.900000
ucla-bruins-at-california-golden-bears-week-1,ucla-bruins,passing_touchdowns,0.000000
ucla-bruins-at-california-golden-bears-week-1,ucla-bruins,total_rushing_yards,131.000000
ucla-bruins-at-california-golden-bears-week-1,ucla-bruins,rushing_attempts,45.000000
ucla-bruins-at-california-golden-bears-week-1,ucla-bruins,yards_per_rush,2.900000
ucla-bruins-at-california-golden-bears-week-1,ucla-bruins,rushing_touchdowns,2.000000
ucla-bruins-at-california-golden-bears-week-1,ucla-bruins,sacks,1.000000
ucla-bruins-at-california-golden-bears-week-1,ucla-bruins,tackles_for_loss,1.000000
ucla-bruins-at-california-golden-bears-week-1,ucla-bruins,pass_deflections,1.000000
ucla-bruins-at-california-golden-bears-week-1,ucla-bruins,total_turnovers,0.000000
ucla-bruins-at-california-golden-bears-week-1,ucla-bruins,fumbles_lost,0.000000
ucla-bruins-at-california-golden-bears-week-1,ucla-bruins,interceptions,0.000000
vmi-keydets-at-virginia-tech-hokies-week-1,vmi-keydets,passing_attempts,32.000000
vmi-keydets-at-virginia-tech-hokies-week-1,vmi-keydets,yards_per_pass,7.200000
vmi-keydets-at-virginia-tech-hokies-week-1,vmi-keydets,passing_touchdowns,1.000000
vmi-keydets-at-virginia-tech-hokies-week-1,vmi-keydets,total_passing_yards,232.000000
vmi-keydets-at-virginia-tech-hokies-week-1,vmi-keydets,passing_completions,19.000000
vmi-keydets-at-virginia-tech-hokies-week-1,vmi-keydets,total_rushing_yards,110.000000
vmi-keydets-at-virginia-tech-hokies-week-1,vmi-keydets,rushing_attempts,21.000000
vmi-keydets-at-virginia-tech-hokies-week-1,vmi-keydets,yards_per_rush,5.200000
vmi-keydets-at-virginia-tech-hokies-week-1,vmi-keydets,rushing_touchdowns,2.000000
vmi-keydets-at-virginia-tech-hokies-week-1,vmi-keydets,pass_deflections,0.000000
vmi-keydets-at-virginia-tech-hokies-week-1,vmi-keydets,sacks,3.000000
vmi-keydets-at-virginia-tech-hokies-week-1,vmi-keydets,tackles_for_loss,5.000000
vmi-keydets-at-virginia-tech-hokies-week-1,vmi-keydets,total_turnovers,1.000000
vmi-keydets-at-virginia-tech-hokies-week-1,vmi-keydets,fumbles_lost,0.000000
vmi-keydets-at-virginia-tech-hokies-week-1,vmi-keydets,interceptions,1.000000
vmi-keydets-at-virginia-tech-hokies-week-1,vmi-keydets,redzone_touchdowns,1.000000
vmi-keydets-at-virginia-tech-hokies-week-1,vmi-keydets,redzone_attempts,1.000000
vmi-keydets-at-virginia-tech-hokies-week-1,vmi-keydets,seconds_of_possession,1472.000000
vmi-keydets-at-virginia-tech-hokies-week-1,vmi-keydets,total_drives,11.000000
vmi-keydets-at-virginia-tech-hokies-week-1,vmi-keydets,total_plays,53.000000
vmi-keydets-at-virginia-tech-hokies-week-1,vmi-keydets,total_yards,342.000000
vmi-keydets-at-virginia-tech-hokies-week-1,vmi-keydets,yards_per_play,6.500000
vmi-keydets-at-virginia-tech-hokies-week-1,vmi-keydets,sacks,1.000000
vmi-keydets-at-virginia-tech-hokies-week-1,vmi-keydets,tackles_for_loss,1.000000
vmi-keydets-at-virginia-tech-hokies-week-1,vmi-keydets,pass_deflections,1.000000
vmi-keydets-at-virginia-tech-hokies-week-1,vmi-keydets,total_turnovers,0.000000
vmi-keydets-at-virginia-tech-hokies-week-1,vmi-keydets,fumbles_lost,0.000000
vmi-keydets-at-virginia-tech-hokies-week-1,vmi-keydets,interceptions,0.000000
vmi-keydets-at-virginia-tech-hokies-week-1,vmi-keydets,redzone_touchdowns,4.000000
vmi-keydets-at-virginia-tech-hokies-week-1,vmi-keydets,redzone_attempts,4.000000
vmi-keydets-at-virginia-tech-hokies-week-1,vmi-keydets,seconds_of_possession,2128.000000
vmi-keydets-at-virginia-tech-hokies-week-1,vmi-keydets,total_drives,11.000000
vmi-keydets-at-virginia-tech-hokies-week-1,vmi-keydets,total_plays,72.000000
vmi-keydets-at-virginia-tech-hokies-week-1,vmi-keydets,total_yards,317.000000
vmi-keydets-at-virginia-tech-hokies-week-1,vmi-keydets,yards_per_play,4.400000
vmi-keydets-at-virginia-tech-hokies-week-1,vmi-keydets,passing_touchdowns,0.000000
vmi-keydets-at-virginia-tech-hokies-week-1,vmi-keydets,total_passing_yards,186.000000
vmi-keydets-at-virginia-tech-hokies-week-1,vmi-keydets,passing_completions,16.000000
vmi-keydets-at-virginia-tech-hokies-week-1,vmi-keydets,passing_attempts,27.000000
vmi-keydets-at-virginia-tech-hokies-week-1,vmi-keydets,yards_per_pass,6.900000
vmi-keydets-at-virginia-tech-hokies-week-1,vmi-keydets,total_rushing_yards,131.000000
vmi-keydets-at-virginia-tech-hokies-week-1,vmi-keydets,rushing_attempts,45.000000
vmi-keydets-at-virginia-tech-hokies-week-1,vmi-keydets,yards_per_rush,2.900000
vmi-keydets-at-virginia-tech-hokies-week-1,vmi-keydets,rushing_touchdowns,2.000000
uab-blazers-at-illinois-fighting-illini-week-1,uab-blazers,sacks,3.000000
uab-blazers-at-illinois-fighting-illini-week-1,uab-blazers,tackles_for_loss,5.000000
uab-blazers-at-illinois-fighting-illini-week-1,uab-blazers,pass_deflections,0.000000
uab-blazers-at-illinois-fighting-illini-week-1,uab-blazers,total_turnovers,1.000000
uab-blazers-at-illinois-fighting-illini-week-1,uab-blazers,fumbles_lost,0.000000
uab-blazers-at-illinois-fighting-illini-week-1,uab-blazers,interceptions,1.000000
uab-blazers-at-illinois-fighting-illini-week-1,uab-blazers,redzone_attempts,1.000000
uab-blazers-at-illinois-fighting-illini-week-1,uab-blazers,seconds_of_possession,1472.000000
uab-blazers-at-illinois-fighting-illini-week-1,uab-blazers,total_drives,11.000000
uab-blazers-at-illinois-fighting-illini-week-1,uab-blazers,total_plays,53.000000
uab-blazers-at-illinois-fighting-illini-week-1,uab-blazers,total_yards,342.000000
uab-blazers-at-illinois-fighting-illini-week-1,uab-blazers,yards_per_play,6.500000
uab-blazers-at-illinois-fighting-illini-week-1,uab-blazers,redzone_touchdowns,1.000000
uab-blazers-at-illinois-fighting-illini-week-1,uab-blazers,passing_touchdowns,1.000000
uab-blazers-at-illinois-fighting-illini-week-1,uab-blazers,total_passing_yards,232.000000
uab-blazers-at-illinois-fighting-illini-week-1,uab-blazers,passing_completions,19.000000
uab-blazers-at-illinois-fighting-illini-week-1,uab-blazers,passing_attempts,32.000000
uab-blazers-at-illinois-fighting-illini-week-1,uab-blazers,yards_per_pass,7.200000
uab-blazers-at-illinois-fighting-illini-week-1,uab-blazers,total_rushing_yards,110.000000
uab-blazers-at-illinois-fighting-illini-week-1,uab-blazers,rushing_attempts,21.000000
uab-blazers-at-illinois-fighting-illini-week-1,uab-blazers,yards_per_rush,5.200000
uab-blazers-at-illinois-fighting-illini-week-1,uab-blazers,rushing_touchdowns,2.000000
uab-blazers-at-illinois-fighting-illini-week-1,uab-blazers,redzone_attempts,4.000000
uab-blazers-at-illinois-fighting-illini-week-1,uab-blazers,seconds_of_possession,2128.000000
uab-blazers-at-illinois-fighting-illini-week-1,uab-blazers,total_drives,11.000000
uab-blazers-at-illinois-fighting-illini-week-1,uab-blazers,total_plays,72.000000
uab-blazers-at-illinois-fighting-illini-week-1,uab-blazers,total_yards,317.000000
uab-blazers-at-illinois-fighting-illini-week-1,uab-blazers,yards_per_play,4.400000
uab-blazers-at-illinois-fighting-illini-week-1,uab-blazers,redzone_touchdowns,4.000000
uab-blazers-at-illinois-fighting-illini-week-1,uab-blazers,passing_touchdowns,0.000000
uab-blazers-at-illinois-fighting-illini-week-1,uab-blazers,total_passing_yards,186.000000
uab-blazers-at-illinois-fighting-illini-week-1,uab-blazers,passing_completions,16.000000
uab-blazers-at-illinois-fighting-illini-week-1,uab-blazers,passing_attempts,27.000000
uab-blazers-at-illinois-fighting-illini-week-1,uab-blazers,yards_per_pass,6.900000
uab-blazers-at-illinois-fighting-illini-week-1,uab-blazers,total_rushing_yards,131.000000
uab-blazers-at-illinois-fighting-illini-week-1,uab-blazers,rushing_attempts,45.000000
uab-blazers-at-illinois-fighting-illini-week-1,uab-blazers,yards_per_rush,2.900000
uab-blazers-at-illinois-fighting-illini-week-1,uab-blazers,rushing_touchdowns,2.000000
uab-blazers-at-illinois-fighting-illini-week-1,uab-blazers,sacks,1.000000
uab-blazers-at-illinois-fighting-illini-week-1,uab-blazers,tackles_for_loss,1.000000
uab-blazers-at-illinois-fighting-illini-week-1,uab-blazers,pass_deflections,1.000000
uab-blazers-at-illinois-fighting-illini-week-1,uab-blazers,total_turnovers,0.000000
uab-blazers-at-illinois-fighting-illini-week-1,uab-blazers,fumbles_lost,0.000000
uab-blazers-at-illinois-fighting-illini-week-1,uab-blazers,interceptions,0.000000
north-texas-mean-green-at-indiana-hoosiers-week-1,north-texas-mean-green,redzone_touchdowns,1.000000
north-texas-mean-green-at-indiana-hoosiers-week-1,north-texas-mean-green,redzone_attempts,1.000000
north-texas-mean-green-at-indiana-hoosiers-week-1,north-texas-mean-green,seconds_of_possession,1472.000000
north-texas-mean-green-at-indiana-hoosiers-week-1,north-texas-mean-green,total_drives,11.000000
north-texas-mean-green-at-indiana-hoosiers-week-1,north-texas-mean-green,total_plays,53.000000
north-texas-mean-green-at-indiana-hoosiers-week-1,north-texas-mean-green,total_yards,342.000000
north-texas-mean-green-at-indiana-hoosiers-week-1,north-texas-mean-green,yards_per_play,6.500000
north-texas-mean-green-at-indiana-hoosiers-week-1,north-texas-mean-green,total_passing_yards,232.000000
north-texas-mean-green-at-indiana-hoosiers-week-1,north-texas-mean-green,passing_completions,19.000000
north-texas-mean-green-at-indiana-hoosiers-week-1,north-texas-mean-green,passing_attempts,32.000000
north-texas-mean-green-at-indiana-hoosiers-week-1,north-texas-mean-green,yards_per_pass,7.200000
north-texas-mean-green-at-indiana-hoosiers-week-1,north-texas-mean-green,passing_touchdowns,1.000000
north-texas-mean-green-at-indiana-hoosiers-week-1,north-texas-mean-green,total_rushing_yards,110.000000
north-texas-mean-green-at-indiana-hoosiers-week-1,north-texas-mean-green,rushing_attempts,21.000000
north-texas-mean-green-at-indiana-hoosiers-week-1,north-texas-mean-green,yards_per_rush,5.200000
north-texas-mean-green-at-indiana-hoosiers-week-1,north-texas-mean-green,rushing_touchdowns,2.000000
north-texas-mean-green-at-indiana-hoosiers-week-1,north-texas-mean-green,sacks,3.000000
north-texas-mean-green-at-indiana-hoosiers-week-1,north-texas-mean-green,tackles_for_loss,5.000000
north-texas-mean-green-at-indiana-hoosiers-week-1,north-texas-mean-green,pass_deflections,0.000000
north-texas-mean-green-at-indiana-hoosiers-week-1,north-texas-mean-green,total_turnovers,1.000000
north-texas-mean-green-at-indiana-hoosiers-week-1,north-texas-mean-green,fumbles_lost,0.000000
north-texas-mean-green-at-indiana-hoosiers-week-1,north-texas-mean-green,interceptions,1.000000
north-texas-mean-green-at-indiana-hoosiers-week-1,north-texas-mean-green,total_yards,317.000000
north-texas-mean-green-at-indiana-hoosiers-week-1,north-texas-mean-green,yards_per_play,4.400000
north-texas-mean-green-at-indiana-hoosiers-week-1,north-texas-mean-green,redzone_touchdowns,4.000000
north-texas-mean-green-at-indiana-hoosiers-week-1,north-texas-mean-green,redzone_attempts,4.000000
north-texas-mean-green-at-indiana-hoosiers-week-1,north-texas-mean-green,seconds_of_possession,2128.000000
north-texas-mean-green-at-indiana-hoosiers-week-1,north-texas-mean-green,total_drives,11.000000
north-texas-mean-green-at-indiana-hoosiers-week-1,north-texas-mean-green,total_plays,72.000000
north-texas-mean-green-at-indiana-hoosiers-week-1,north-texas-mean-green,passing_completions,16.000000
north-texas-mean-green-at-indiana-hoosiers-week-1,north-texas-mean-green,passing_attempts,27.000000
north-texas-mean-green-at-indiana-hoosiers-week-1,north-texas-mean-green,yards_per_pass,6.900000
north-texas-mean-green-at-indiana-hoosiers-week-1,north-texas-mean-green,passing_touchdowns,0.000000
north-texas-mean-green-at-indiana-hoosiers-week-1,north-texas-mean-green,total_passing_yards,186.000000
north-texas-mean-green-at-indiana-hoosiers-week-1,north-texas-mean-green,yards_per_rush,2.900000
north-texas-mean-green-at-indiana-hoosiers-week-1,north-texas-mean-green,rushing_touchdowns,2.000000
north-texas-mean-green-at-indiana-hoosiers-week-1,north-texas-mean-green,total_rushing_yards,131.000000
north-texas-mean-green-at-indiana-hoosiers-week-1,north-texas-mean-green,rushing_attempts,45.000000
north-texas-mean-green-at-indiana-hoosiers-week-1,north-texas-mean-green,sacks,1.000000
north-texas-mean-green-at-indiana-hoosiers-week-1,north-texas-mean-green,tackles_for_loss,1.000000
north-texas-mean-green-at-indiana-hoosiers-week-1,north-texas-mean-green,pass_deflections,1.000000
north-texas-mean-green-at-indiana-hoosiers-week-1,north-texas-mean-green,total_turnovers,0.000000
north-texas-mean-green-at-indiana-hoosiers-week-1,north-texas-mean-green,fumbles_lost,0.000000
north-texas-mean-green-at-indiana-hoosiers-week-1,north-texas-mean-green,interceptions,0.000000
northern-illinois-huskies-at-iowa-hawkeyes-week-1,northern-illinois-huskies,total_rushing_yards,110.000000
northern-illinois-huskies-at-iowa-hawkeyes-week-1,northern-illinois-huskies,rushing_attempts,21.000000
northern-illinois-huskies-at-iowa-hawkeyes-week-1,northern-illinois-huskies,yards_per_rush,5.200000
northern-illinois-huskies-at-iowa-hawkeyes-week-1,northern-illinois-huskies,rushing_touchdowns,2.000000
northern-illinois-huskies-at-iowa-hawkeyes-week-1,northern-illinois-huskies,sacks,3.000000
northern-illinois-huskies-at-iowa-hawkeyes-week-1,northern-illinois-huskies,tackles_for_loss,5.000000
northern-illinois-huskies-at-iowa-hawkeyes-week-1,northern-illinois-huskies,pass_deflections,0.000000
northern-illinois-huskies-at-iowa-hawkeyes-week-1,northern-illinois-huskies,total_turnovers,1.000000
northern-illinois-huskies-at-iowa-hawkeyes-week-1,northern-illinois-huskies,fumbles_lost,0.000000
northern-illinois-huskies-at-iowa-hawkeyes-week-1,northern-illinois-huskies,interceptions,1.000000
northern-illinois-huskies-at-iowa-hawkeyes-week-1,northern-illinois-huskies,redzone_touchdowns,1.000000
northern-illinois-huskies-at-iowa-hawkeyes-week-1,northern-illinois-huskies,redzone_attempts,1.000000
northern-illinois-huskies-at-iowa-hawkeyes-week-1,northern-illinois-huskies,seconds_of_possession,1472.000000
northern-illinois-huskies-at-iowa-hawkeyes-week-1,northern-illinois-huskies,total_drives,11.000000
northern-illinois-huskies-at-iowa-hawkeyes-week-1,northern-illinois-huskies,total_plays,53.000000
northern-illinois-huskies-at-iowa-hawkeyes-week-1,northern-illinois-huskies,total_yards,342.000000
northern-illinois-huskies-at-iowa-hawkeyes-week-1,northern-illinois-huskies,yards_per_play,6.500000
northern-illinois-huskies-at-iowa-hawkeyes-week-1,northern-illinois-huskies,passing_attempts,32.000000
northern-illinois-huskies-at-iowa-hawkeyes-week-1,northern-illinois-huskies,yards_per_pass,7.200000
northern-illinois-huskies-at-iowa-hawkeyes-week-1,northern-illinois-huskies,passing_touchdowns,1.000000
northern-illinois-huskies-at-iowa-hawkeyes-week-1,northern-illinois-huskies,total_passing_yards,232.000000
northern-illinois-huskies-at-iowa-hawkeyes-week-1,northern-illinois-huskies,passing_completions,19.000000
northern-illinois-huskies-at-iowa-hawkeyes-week-1,northern-illinois-huskies,pass_deflections,1.000000
northern-illinois-huskies-at-iowa-hawkeyes-week-1,northern-illinois-huskies,sacks,1.000000
northern-illinois-huskies-at-iowa-hawkeyes-week-1,northern-illinois-huskies,tackles_for_loss,1.000000
northern-illinois-huskies-at-iowa-hawkeyes-week-1,northern-illinois-huskies,total_turnovers,0.000000
northern-illinois-huskies-at-iowa-hawkeyes-week-1,northern-illinois-huskies,fumbles_lost,0.000000
northern-illinois-huskies-at-iowa-hawkeyes-week-1,northern-illinois-huskies,interceptions,0.000000
northern-illinois-huskies-at-iowa-hawkeyes-week-1,northern-illinois-huskies,seconds_of_possession,2128.000000
northern-illinois-huskies-at-iowa-hawkeyes-week-1,northern-illinois-huskies,total_drives,11.000000
northern-illinois-huskies-at-iowa-hawkeyes-week-1,northern-illinois-huskies,total_plays,72.000000
northern-illinois-huskies-at-iowa-hawkeyes-week-1,northern-illinois-huskies,total_yards,317.000000
northern-illinois-huskies-at-iowa-hawkeyes-week-1,northern-illinois-huskies,yards_per_play,4.400000
northern-illinois-huskies-at-iowa-hawkeyes-week-1,northern-illinois-huskies,redzone_touchdowns,4.000000
northern-illinois-huskies-at-iowa-hawkeyes-week-1,northern-illinois-huskies,redzone_attempts,4.000000
northern-illinois-huskies-at-iowa-hawkeyes-week-1,northern-illinois-huskies,passing_completions,16.000000
northern-illinois-huskies-at-iowa-hawkeyes-week-1,northern-illinois-huskies,passing_attempts,27.000000
northern-illinois-huskies-at-iowa-hawkeyes-week-1,northern-illinois-huskies,yards_per_pass,6.900000
northern-illinois-huskies-at-iowa-hawkeyes-week-1,northern-illinois-huskies,passing_touchdowns,0.000000
northern-illinois-huskies-at-iowa-hawkeyes-week-1,northern-illinois-huskies,total_passing_yards,186.000000
northern-illinois-huskies-at-iowa-hawkeyes-week-1,northern-illinois-huskies,total_rushing_yards,131.000000
northern-illinois-huskies-at-iowa-hawkeyes-week-1,northern-illinois-huskies,rushing_attempts,45.000000
northern-illinois-huskies-at-iowa-hawkeyes-week-1,northern-illinois-huskies,yards_per_rush,2.900000
northern-illinois-huskies-at-iowa-hawkeyes-week-1,northern-illinois-huskies,rushing_touchdowns,2.000000
howard-bison-at-maryland-terrapins-week-1,howard-bison,pass_deflections,0.000000
howard-bison-at-maryland-terrapins-week-1,howard-bison,sacks,3.000000
howard-bison-at-maryland-terrapins-week-1,howard-bison,tackles_for_loss,5.000000
howard-bison-at-maryland-terrapins-week-1,howard-bison,total_turnovers,1.000000
howard-bison-at-maryland-terrapins-week-1,howard-bison,fumbles_lost,0.000000
howard-bison-at-maryland-terrapins-week-1,howard-bison,interceptions,1.000000
howard-bison-at-maryland-terrapins-week-1,howard-bison,total_plays,53.000000
howard-bison-at-maryland-terrapins-week-1,howard-bison,total_yards,342.000000
howard-bison-at-maryland-terrapins-week-1,howard-bison,yards_per_play,6.500000
howard-bison-at-maryland-terrapins-week-1,howard-bison,redzone_touchdowns,1.000000
howard-bison-at-maryland-terrapins-week-1,howard-bison,redzone_attempts,1.000000
howard-bison-at-maryland-terrapins-week-1,howard-bison,seconds_of_possession,1472.000000
howard-bison-at-maryland-terrapins-week-1,howard-bison,total_drives,11.000000
howard-bison-at-maryland-terrapins-week-1,howard-bison,passing_attempts,32.000000
howard-bison-at-maryland-terrapins-week-1,howard-bison,yards_per_pass,7.200000
howard-bison-at-maryland-terrapins-week-1,howard-bison,passing_touchdowns,1.000000
howard-bison-at-maryland-terrapins-week-1,howard-bison,total_passing_yards,232.000000
howard-bison-at-maryland-terrapins-week-1,howard-bison,passing_completions,19.000000
howard-bison-at-maryland-terrapins-week-1,howard-bison,total_rushing_yards,110.000000
howard-bison-at-maryland-terrapins-week-1,howard-bison,rushing_attempts,21.000000
howard-bison-at-maryland-terrapins-week-1,howard-bison,yards_per_rush,5.200000
howard-bison-at-maryland-terrapins-week-1,howard-bison,rushing_touchdowns,2.000000
howard-bison-at-maryland-terrapins-week-1,howard-bison,total_rushing_yards,131.000000
howard-bison-at-maryland-terrapins-week-1,howard-bison,rushing_attempts,45.000000
howard-bison-at-maryland-terrapins-week-1,howard-bison,yards_per_rush,2.900000
howard-bison-at-maryland-terrapins-week-1,howard-bison,rushing_touchdowns,2.000000
howard-bison-at-maryland-terrapins-week-1,howard-bison,sacks,1.000000
howard-bison-at-maryland-terrapins-week-1,howard-bison,tackles_for_loss,1.000000
howard-bison-at-maryland-terrapins-week-1,howard-bison,pass_deflections,1.000000
howard-bison-at-maryland-terrapins-week-1,howard-bison,total_turnovers,0.000000
howard-bison-at-maryland-terrapins-week-1,howard-bison,fumbles_lost,0.000000
howard-bison-at-maryland-terrapins-week-1,howard-bison,interceptions,0.000000
howard-bison-at-maryland-terrapins-week-1,howard-bison,redzone_attempts,4.000000
howard-bison-at-maryland-terrapins-week-1,howard-bison,seconds_of_possession,2128.000000
howard-bison-at-maryland-terrapins-week-1,howard-bison,total_drives,11.000000
howard-bison-at-maryland-terrapins-week-1,howard-bison,total_plays,72.000000
howard-bison-at-maryland-terrapins-week-1,howard-bison,total_yards,317.000000
howard-bison-at-maryland-terrapins-week-1,howard-bison,yards_per_play,4.400000
howard-bison-at-maryland-terrapins-week-1,howard-bison,redzone_touchdowns,4.000000
howard-bison-at-maryland-terrapins-week-1,howard-bison,passing_touchdowns,0.000000
howard-bison-at-maryland-terrapins-week-1,howard-bison,total_passing_yards,186.000000
howard-bison-at-maryland-terrapins-week-1,howard-bison,passing_completions,16.000000
howard-bison-at-maryland-terrapins-week-1,howard-bison,passing_attempts,27.000000
howard-bison-at-maryland-terrapins-week-1,howard-bison,yards_per_pass,6.900000
western-michigan-broncos-at-michigan-wolverines-week-1,western-michigan-broncos,total_yards,342.000000
western-michigan-broncos-at-michigan-wolverines-week-1,western-michigan-broncos,yards_per_play,6.500000
western-michigan-broncos-at-michigan-wolverines-week-1,western-michigan-broncos,redzone_touchdowns,1.000000
western-michigan-broncos-at-michigan-wolverines-week-1,western-michigan-broncos,redzone_attempts,1.000000
western-michigan-broncos-at-michigan-wolverines-week-1,western-michigan-broncos,seconds_of_possession,1472.000000
western-michigan-broncos-at-michigan-wolverines-week-1,western-michigan-broncos,total_drives,11.000000
western-michigan-broncos-at-michigan-wolverines-week-1,western-michigan-broncos,total_plays,53.000000
western-michigan-broncos-at-michigan-wolverines-week-1,western-michigan-broncos,total_passing_yards,232.000000
western-michigan-broncos-at-michigan-wolverines-week-1,western-michigan-broncos,passing_completions,19.000000
western-michigan-broncos-at-michigan-wolverines-week-1,western-michigan-broncos,passing_attempts,32.000000
western-michigan-broncos-at-michigan-wolverines-week-1,western-michigan-broncos,yards_per_pass,7.200000
western-michigan-broncos-at-michigan-wolverines-week-1,western-michigan-broncos,passing_touchdowns,1.000000
western-michigan-broncos-at-michigan-wolverines-week-1,western-michigan-broncos,rushing_touchdowns,2.000000
western-michigan-broncos-at-michigan-wolverines-week-1,western-michigan-broncos,total_rushing_yards,110.000000
western-michigan-broncos-at-michigan-wolverines-week-1,western-michigan-broncos,rushing_attempts,21.000000
western-michigan-broncos-at-michigan-wolverines-week-1,western-michigan-broncos,yards_per_rush,5.200000
western-michigan-broncos-at-michigan-wolverines-week-1,western-michigan-broncos,pass_deflections,0.000000
western-michigan-broncos-at-michigan-wolverines-week-1,western-michigan-broncos,sacks,3.000000
western-michigan-broncos-at-michigan-wolverines-week-1,western-michigan-broncos,tackles_for_loss,5.000000
western-michigan-broncos-at-michigan-wolverines-week-1,western-michigan-broncos,total_turnovers,1.000000
western-michigan-broncos-at-michigan-wolverines-week-1,western-michigan-broncos,fumbles_lost,0.000000
western-michigan-broncos-at-michigan-wolverines-week-1,western-michigan-broncos,interceptions,1.000000
western-michigan-broncos-at-michigan-wolverines-week-1,western-michigan-broncos,yards_per_play,4.400000
western-michigan-broncos-at-michigan-wolverines-week-1,western-michigan-broncos,redzone_touchdowns,4.000000
western-michigan-broncos-at-michigan-wolverines-week-1,western-michigan-broncos,redzone_attempts,4.000000
western-michigan-broncos-at-michigan-wolverines-week-1,western-michigan-broncos,seconds_of_possession,2128.000000
western-michigan-broncos-at-michigan-wolverines-week-1,western-michigan-broncos,total_drives,11.000000
western-michigan-broncos-at-michigan-wolverines-week-1,western-michigan-broncos,total_plays,72.000000
western-michigan-broncos-at-michigan-wolverines-week-1,western-michigan-broncos,total_yards,317.000000
western-michigan-broncos-at-michigan-wolverines-week-1,western-michigan-broncos,total_passing_yards,186.000000
western-michigan-broncos-at-michigan-wolverines-week-1,western-michigan-broncos,passing_completions,16.000000
western-michigan-broncos-at-michigan-wolverines-week-1,western-michigan-broncos,passing_attempts,27.000000
western-michigan-broncos-at-michigan-wolverines-week-1,western-michigan-broncos,yards_per_pass,6.900000
western-michigan-broncos-at-michigan-wolverines-week-1,western-michigan-broncos,passing_touchdowns,0.000000
western-michigan-broncos-at-michigan-wolverines-week-1,western-michigan-broncos,total_rushing_yards,131.000000
western-michigan-broncos-at-michigan-wolverines-week-1,western-michigan-broncos,rushing_attempts,45.000000
western-michigan-broncos-at-michigan-wolverines-week-1,western-michigan-broncos,yards_per_rush,2.900000
western-michigan-broncos-at-michigan-wolverines-week-1,western-michigan-broncos,rushing_touchdowns,2.000000
western-michigan-broncos-at-michigan-wolverines-week-1,western-michigan-broncos,sacks,1.000000
western-michigan-broncos-at-michigan-wolverines-week-1,western-michigan-broncos,tackles_for_loss,1.000000
western-michigan-broncos-at-michigan-wolverines-week-1,western-michigan-broncos,pass_deflections,1.000000
western-michigan-broncos-at-michigan-wolverines-week-1,western-michigan-broncos,total_turnovers,0.000000
western-michigan-broncos-at-michigan-wolverines-week-1,western-michigan-broncos,fumbles_lost,0.000000
western-michigan-broncos-at-michigan-wolverines-week-1,western-michigan-broncos,interceptions,0.000000
toledo-rockets-at-michigan-state-spartans-week-1,toledo-rockets,total_turnovers,1.000000
toledo-rockets-at-michigan-state-spartans-week-1,toledo-rockets,fumbles_lost,0.000000
toledo-rockets-at-michigan-state-spartans-week-1,toledo-rockets,interceptions,1.000000
toledo-rockets-at-michigan-state-spartans-week-1,toledo-rockets,yards_per_play,6.500000
toledo-rockets-at-michigan-state-spartans-week-1,toledo-rockets,redzone_touchdowns,1.000000
toledo-rockets-at-michigan-state-spartans-week-1,toledo-rockets,redzone_attempts,1.000000
toledo-rockets-at-michigan-state-spartans-week-1,toledo-rockets,seconds_of_possession,1472.000000
toledo-rockets-at-michigan-state-spartans-week-1,toledo-rockets,total_drives,11.000000
toledo-rockets-at-michigan-state-spartans-week-1,toledo-rockets,total_plays,53.000000
toledo-rockets-at-michigan-state-spartans-week-1,toledo-rockets,total_yards,342.000000
toledo-rockets-at-michigan-state-spartans-week-1,toledo-rockets,passing_completions,19.000000
toledo-rockets-at-michigan-state-spartans-week-1,toledo-rockets,passing_attempts,32.000000
toledo-rockets-at-michigan-state-spartans-week-1,toledo-rockets,yards_per_pass,7.200000
toledo-rockets-at-michigan-state-spartans-week-1,toledo-rockets,passing_touchdowns,1.000000
toledo-rockets-at-michigan-state-spartans-week-1,toledo-rockets,total_passing_yards,232.000000
toledo-rockets-at-michigan-state-spartans-week-1,toledo-rockets,total_rushing_yards,110.000000
toledo-rockets-at-michigan-state-spartans-week-1,toledo-rockets,rushing_attempts,21.000000
toledo-rockets-at-michigan-state-spartans-week-1,toledo-rockets,yards_per_rush,5.200000
toledo-rockets-at-michigan-state-spartans-week-1,toledo-rockets,rushing_touchdowns,2.000000
toledo-rockets-at-michigan-state-spartans-week-1,toledo-rockets,sacks,3.000000
toledo-rockets-at-michigan-state-spartans-week-1,toledo-rockets,tackles_for_loss,5.000000
toledo-rockets-at-michigan-state-spartans-week-1,toledo-rockets,pass_deflections,0.000000
toledo-rockets-at-michigan-state-spartans-week-1,toledo-rockets,passing_attempts,27.000000
toledo-rockets-at-michigan-state-spartans-week-1,toledo-rockets,yards_per_pass,6.900000
toledo-rockets-at-michigan-state-spartans-week-1,toledo-rockets,passing_touchdowns,0.000000
toledo-rockets-at-michigan-state-spartans-week-1,toledo-rockets,total_passing_yards,186.000000
toledo-rockets-at-michigan-state-spartans-week-1,toledo-rockets,passing_completions,16.000000
toledo-rockets-at-michigan-state-spartans-week-1,toledo-rockets,total_rushing_yards,131.000000
toledo-rockets-at-michigan-state-spartans-week-1,toledo-rockets,rushing_attempts,45.000000
toledo-rockets-at-michigan-state-spartans-week-1,toledo-rockets,yards_per_rush,2.900000
toledo-rockets-at-michigan-state-spartans-week-1,toledo-rockets,rushing_touchdowns,2.000000
toledo-rockets-at-michigan-state-spartans-week-1,toledo-rockets,tackles_for_loss,1.000000
toledo-rockets-at-michigan-state-spartans-week-1,toledo-rockets,pass_deflections,1.000000
toledo-rockets-at-michigan-state-spartans-week-1,toledo-rockets,sacks,1.000000
toledo-rockets-at-michigan-state-spartans-week-1,toledo-rockets,total_turnovers,0.000000
toledo-rockets-at-michigan-state-spartans-week-1,toledo-rockets,fumbles_lost,0.000000
toledo-rockets-at-michigan-state-spartans-week-1,toledo-rockets,interceptions,0.000000
toledo-rockets-at-michigan-state-spartans-week-1,toledo-rockets,redzone_attempts,4.000000
toledo-rockets-at-michigan-state-spartans-week-1,toledo-rockets,seconds_of_possession,2128.000000
toledo-rockets-at-michigan-state-spartans-week-1,toledo-rockets,total_drives,11.000000
toledo-rockets-at-michigan-state-spartans-week-1,toledo-rockets,total_plays,72.000000
toledo-rockets-at-michigan-state-spartans-week-1,toledo-rockets,total_yards,317.000000
toledo-rockets-at-michigan-state-spartans-week-1,toledo-rockets,yards_per_play,4.400000
toledo-rockets-at-michigan-state-spartans-week-1,toledo-rockets,redzone_touchdowns,4.000000
ohio-bobcats-at-nebraska-cornhuskers-week-1,ohio-bobcats,sacks,3.000000
ohio-bobcats-at-nebraska-cornhuskers-week-1,ohio-bobcats,tackles_for_loss,5.000000
ohio-bobcats-at-nebraska-cornhuskers-week-1,ohio-bobcats,pass_deflections,0.000000
ohio-bobcats-at-nebraska-cornhuskers-week-1,ohio-bobcats,total_turnovers,1.000000
ohio-bobcats-at-nebraska-cornhuskers-week-1,ohio-bobcats,fumbles_lost,0.000000
ohio-bobcats-at-nebraska-cornhuskers-week-1,ohio-bobcats,interceptions,1.000000
ohio-bobcats-at-nebraska-cornhuskers-week-1,ohio-bobcats,seconds_of_possession,1472.000000
ohio-bobcats-at-nebraska-cornhuskers-week-1,ohio-bobcats,total_drives,11.000000
ohio-bobcats-at-nebraska-cornhuskers-week-1,ohio-bobcats,total_plays,53.000000
ohio-bobcats-at-nebraska-cornhuskers-week-1,ohio-bobcats,total_yards,342.000000
ohio-bobcats-at-nebraska-cornhuskers-week-1,ohio-bobcats,yards_per_play,6.500000
ohio-bobcats-at-nebraska-cornhuskers-week-1,ohio-bobcats,redzone_touchdowns,1.000000
ohio-bobcats-at-nebraska-cornhuskers-week-1,ohio-bobcats,redzone_attempts,1.000000
ohio-bobcats-at-nebraska-cornhuskers-week-1,ohio-bobcats,total_passing_yards,232.000000
ohio-bobcats-at-nebraska-cornhuskers-week-1,ohio-bobcats,passing_completions,19.000000
ohio-bobcats-at-nebraska-cornhuskers-week-1,ohio-bobcats,passing_attempts,32.000000
ohio-bobcats-at-nebraska-cornhuskers-week-1,ohio-bobcats,yards_per_pass,7.200000
ohio-bobcats-at-nebraska-cornhuskers-week-1,ohio-bobcats,passing_touchdowns,1.000000
ohio-bobcats-at-nebraska-cornhuskers-week-1,ohio-bobcats,rushing_touchdowns,2.000000
ohio-bobcats-at-nebraska-cornhuskers-week-1,ohio-bobcats,total_rushing_yards,110.000000
ohio-bobcats-at-nebraska-cornhuskers-week-1,ohio-bobcats,rushing_attempts,21.000000
ohio-bobcats-at-nebraska-cornhuskers-week-1,ohio-bobcats,yards_per_rush,5.200000
ohio-bobcats-at-nebraska-cornhuskers-week-1,ohio-bobcats,passing_touchdowns,0.000000
ohio-bobcats-at-nebraska-cornhuskers-week-1,ohio-bobcats,total_passing_yards,186.000000
ohio-bobcats-at-nebraska-cornhuskers-week-1,ohio-bobcats,passing_completions,16.000000
ohio-bobcats-at-nebraska-cornhuskers-week-1,ohio-bobcats,passing_attempts,27.000000
ohio-bobcats-at-nebraska-cornhuskers-week-1,ohio-bobcats,yards_per_pass,6.900000
ohio-bobcats-at-nebraska-cornhuskers-week-1,ohio-bobcats,total_rushing_yards,131.000000
ohio-bobcats-at-nebraska-cornhuskers-week-1,ohio-bobcats,rushing_attempts,45.000000
ohio-bobcats-at-nebraska-cornhuskers-week-1,ohio-bobcats,yards_per_rush,2.900000
ohio-bobcats-at-nebraska-cornhuskers-week-1,ohio-bobcats,rushing_touchdowns,2.000000
ohio-bobcats-at-nebraska-cornhuskers-week-1,ohio-bobcats,sacks,1.000000
ohio-bobcats-at-nebraska-cornhuskers-week-1,ohio-bobcats,tackles_for_loss,1.000000
ohio-bobcats-at-nebraska-cornhuskers-week-1,ohio-bobcats,pass_deflections,1.000000
ohio-bobcats-at-nebraska-cornhuskers-week-1,ohio-bobcats,total_turnovers,0.000000
ohio-bobcats-at-nebraska-cornhuskers-week-1,ohio-bobcats,fumbles_lost,0.000000
ohio-bobcats-at-nebraska-cornhuskers-week-1,ohio-bobcats,interceptions,0.000000
ohio-bobcats-at-nebraska-cornhuskers-week-1,ohio-bobcats,total_drives,11.000000
ohio-bobcats-at-nebraska-cornhuskers-week-1,ohio-bobcats,total_plays,72.000000
ohio-bobcats-at-nebraska-cornhuskers-week-1,ohio-bobcats,total_yards,317.000000
ohio-bobcats-at-nebraska-cornhuskers-week-1,ohio-bobcats,yards_per_play,4.400000
ohio-bobcats-at-nebraska-cornhuskers-week-1,ohio-bobcats,redzone_touchdowns,4.000000
ohio-bobcats-at-nebraska-cornhuskers-week-1,ohio-bobcats,redzone_attempts,4.000000
ohio-bobcats-at-nebraska-cornhuskers-week-1,ohio-bobcats,seconds_of_possession,2128.000000
south-dakota-state-jackrabbits-at-northwestern-wildcats-week-1,south-dakota-state-jackrabbits,redzone_touchdowns,1.000000
south-dakota-state-jackrabbits-at-northwestern-wildcats-week-1,south-dakota-state-jackrabbits,redzone_attempts,1.000000
south-dakota-state-jackrabbits-at-northwestern-wildcats-week-1,south-dakota-state-jackrabbits,seconds_of_possession,1472.000000
south-dakota-state-jackrabbits-at-northwestern-wildcats-week-1,south-dakota-state-jackrabbits,total_drives,11.000000
south-dakota-state-jackrabbits-at-northwestern-wildcats-week-1,south-dakota-state-jackrabbits,total_plays,53.000000
south-dakota-state-jackrabbits-at-northwestern-wildcats-week-1,south-dakota-state-jackrabbits,total_yards,342.000000
south-dakota-state-jackrabbits-at-northwestern-wildcats-week-1,south-dakota-state-jackrabbits,yards_per_play,6.500000
south-dakota-state-jackrabbits-at-northwestern-wildcats-week-1,south-dakota-state-jackrabbits,total_passing_yards,232.000000
south-dakota-state-jackrabbits-at-northwestern-wildcats-week-1,south-dakota-state-jackrabbits,passing_completions,19.000000
south-dakota-state-jackrabbits-at-northwestern-wildcats-week-1,south-dakota-state-jackrabbits,passing_attempts,32.000000
south-dakota-state-jackrabbits-at-northwestern-wildcats-week-1,south-dakota-state-jackrabbits,yards_per_pass,7.200000
south-dakota-state-jackrabbits-at-northwestern-wildcats-week-1,south-dakota-state-jackrabbits,passing_touchdowns,1.000000
south-dakota-state-jackrabbits-at-northwestern-wildcats-week-1,south-dakota-state-jackrabbits,total_rushing_yards,110.000000
south-dakota-state-jackrabbits-at-northwestern-wildcats-week-1,south-dakota-state-jackrabbits,rushing_attempts,21.000000
south-dakota-state-jackrabbits-at-northwestern-wildcats-week-1,south-dakota-state-jackrabbits,yards_per_rush,5.200000
south-dakota-state-jackrabbits-at-northwestern-wildcats-week-1,south-dakota-state-jackrabbits,rushing_touchdowns,2.000000
south-dakota-state-jackrabbits-at-northwestern-wildcats-week-1,south-dakota-state-jackrabbits,pass_deflections,0.000000
south-dakota-state-jackrabbits-at-northwestern-wildcats-week-1,south-dakota-state-jackrabbits,sacks,3.000000
south-dakota-state-jackrabbits-at-northwestern-wildcats-week-1,south-dakota-state-jackrabbits,tackles_for_loss,5.000000
south-dakota-state-jackrabbits-at-northwestern-wildcats-week-1,south-dakota-state-jackrabbits,total_turnovers,1.000000
south-dakota-state-jackrabbits-at-northwestern-wildcats-week-1,south-dakota-state-jackrabbits,fumbles_lost,0.000000
south-dakota-state-jackrabbits-at-northwestern-wildcats-week-1,south-dakota-state-jackrabbits,interceptions,1.000000
south-dakota-state-jackrabbits-at-northwestern-wildcats-week-1,south-dakota-state-jackrabbits,total_plays,72.000000
south-dakota-state-jackrabbits-at-northwestern-wildcats-week-1,south-dakota-state-jackrabbits,total_yards,317.000000
south-dakota-state-jackrabbits-at-northwestern-wildcats-week-1,south-dakota-state-jackrabbits,yards_per_play,4.400000
south-dakota-state-jackrabbits-at-northwestern-wildcats-week-1,south-dakota-state-jackrabbits,redzone_touchdowns,4.000000
south-dakota-state-jackrabbits-at-northwestern-wildcats-week-1,south-dakota-state-jackrabbits,redzone_attempts,4.000000
south-dakota-state-jackrabbits-at-northwestern-wildcats-week-1,south-dakota-state-jackrabbits,seconds_of_possession,2128.000000
south-dakota-state-jackrabbits-at-northwestern-wildcats-week-1,south-dakota-state-jackrabbits,total_drives,11.000000
south-dakota-state-jackrabbits-at-northwestern-wildcats-week-1,south-dakota-state-jackrabbits,yards_per_pass,6.900000
south-dakota-state-jackrabbits-at-northwestern-wildcats-week-1,south-dakota-state-jackrabbits,passing_touchdowns,0.000000
south-dakota-state-jackrabbits-at-northwestern-wildcats-week-1,south-dakota-state-jackrabbits,total_passing_yards,186.000000
south-dakota-state-jackrabbits-at-northwestern-wildcats-week-1,south-dakota-state-jackrabbits,passing_completions,16.000000
south-dakota-state-jackrabbits-at-northwestern-wildcats-week-1,south-dakota-state-jackrabbits,passing_attempts,27.000000
south-dakota-state-jackrabbits-at-northwestern-wildcats-week-1,south-dakota-state-jackrabbits,yards_per_rush,2.900000
south-dakota-state-jackrabbits-at-northwestern-wildcats-week-1,south-dakota-state-jackrabbits,rushing_touchdowns,2.000000
south-dakota-state-jackrabbits-at-northwestern-wildcats-week-1,south-dakota-state-jackrabbits,total_rushing_yards,131.000000
south-dakota-state-jackrabbits-at-northwestern-wildcats-week-1,south-dakota-state-jackrabbits,rushing_attempts,45.000000
south-dakota-state-jackrabbits-at-northwestern-wildcats-week-1,south-dakota-state-jackrabbits,pass_deflections,1.000000
south-dakota-state-jackrabbits-at-northwestern-wildcats-week-1,south-dakota-state-jackrabbits,sacks,1.000000
south-dakota-state-jackrabbits-at-northwestern-wildcats-week-1,south-dakota-state-jackrabbits,tackles_for_loss,1.000000
south-dakota-state-jackrabbits-at-northwestern-wildcats-week-1,south-dakota-state-jackrabbits,total_turnovers,0.000000
south-dakota-state-jackrabbits-at-northwestern-wildcats-week-1,south-dakota-state-jackrabbits,fumbles_lost,0.000000
south-dakota-state-jackrabbits-at-northwestern-wildcats-week-1,south-dakota-state-jackrabbits,interceptions,0.000000
ball-state-cardinals-at-ohio-state-buckeyes-week-1,ball-state-cardinals,total_yards,342.000000
ball-state-cardinals-at-ohio-state-buckeyes-week-1,ball-state-cardinals,yards_per_play,6.500000
ball-state-cardinals-at-ohio-state-buckeyes-week-1,ball-state-cardinals,redzone_touchdowns,1.000000
ball-state-cardinals-at-ohio-state-buckeyes-week-1,ball-state-cardinals,redzone_attempts,1.000000
ball-state-cardinals-at-ohio-state-buckeyes-week-1,ball-state-cardinals,seconds_of_possession,1472.000000
ball-state-cardinals-at-ohio-state-buckeyes-week-1,ball-state-cardinals,total_drives,11.000000
ball-state-cardinals-at-ohio-state-buckeyes-week-1,ball-state-cardinals,total_plays,53.000000
ball-state-cardinals-at-ohio-state-buckeyes-week-1,ball-state-cardinals,total_passing_yards,232.000000
ball-state-cardinals-at-ohio-state-buckeyes-week-1,ball-state-cardinals,passing_completions,19.000000
ball-state-cardinals-at-ohio-state-buckeyes-week-1,ball-state-cardinals,passing_attempts,32.000000
ball-state-cardinals-at-ohio-state-buckeyes-week-1,ball-state-cardinals,yards_per_pass,7.200000
ball-state-cardinals-at-ohio-state-buckeyes-week-1,ball-state-cardinals,passing_touchdowns,1.000000
ball-state-cardinals-at-ohio-state-buckeyes-week-1,ball-state-cardinals,total_rushing_yards,110.000000
ball-state-cardinals-at-ohio-state-buckeyes-week-1,ball-state-cardinals,rushing_attempts,21.000000
ball-state-cardinals-at-ohio-state-buckeyes-week-1,ball-state-cardinals,yards_per_rush,5.200000
ball-state-cardinals-at-ohio-state-buckeyes-week-1,ball-state-cardinals,rushing_touchdowns,2.000000
ball-state-cardinals-at-ohio-state-buckeyes-week-1,ball-state-cardinals,tackles_for_loss,5.000000
ball-state-cardinals-at-ohio-state-buckeyes-week-1,ball-state-cardinals,pass_deflections,0.000000
ball-state-cardinals-at-ohio-state-buckeyes-week-1,ball-state-cardinals,sacks,3.000000
ball-state-cardinals-at-ohio-state-buckeyes-week-1,ball-state-cardinals,interceptions,1.000000
ball-state-cardinals-at-ohio-state-buckeyes-week-1,ball-state-cardinals,total_turnovers,1.000000
ball-state-cardinals-at-ohio-state-buckeyes-week-1,ball-state-cardinals,fumbles_lost,0.000000
ball-state-cardinals-at-ohio-state-buckeyes-week-1,ball-state-cardinals,yards_per_rush,2.900000
ball-state-cardinals-at-ohio-state-buckeyes-week-1,ball-state-cardinals,rushing_touchdowns,2.000000
ball-state-cardinals-at-ohio-state-buckeyes-week-1,ball-state-cardinals,total_rushing_yards,131.000000
ball-state-cardinals-at-ohio-state-buckeyes-week-1,ball-state-cardinals,rushing_attempts,45.000000
ball-state-cardinals-at-ohio-state-buckeyes-week-1,ball-state-cardinals,sacks,1.000000
ball-state-cardinals-at-ohio-state-buckeyes-week-1,ball-state-cardinals,tackles_for_loss,1.000000
ball-state-cardinals-at-ohio-state-buckeyes-week-1,ball-state-cardinals,pass_deflections,1.000000
ball-state-cardinals-at-ohio-state-buckeyes-week-1,ball-state-cardinals,total_turnovers,0.000000
ball-state-cardinals-at-ohio-state-buckeyes-week-1,ball-state-cardinals,fumbles_lost,0.000000
ball-state-cardinals-at-ohio-state-buckeyes-week-1,ball-state-cardinals,interceptions,0.000000
ball-state-cardinals-at-ohio-state-buckeyes-week-1,ball-state-cardinals,redzone_touchdowns,4.000000
ball-state-cardinals-at-ohio-state-buckeyes-week-1,ball-state-cardinals,redzone_attempts,4.000000
ball-state-cardinals-at-ohio-state-buckeyes-week-1,ball-state-cardinals,seconds_of_possession,2128.000000
ball-state-cardinals-at-ohio-state-buckeyes-week-1,ball-state-cardinals,total_drives,11.000000
ball-state-cardinals-at-ohio-state-buckeyes-week-1,ball-state-cardinals,total_plays,72.000000
ball-state-cardinals-at-ohio-state-buckeyes-week-1,ball-state-cardinals,total_yards,317.000000
ball-state-cardinals-at-ohio-state-buckeyes-week-1,ball-state-cardinals,yards_per_play,4.400000
ball-state-cardinals-at-ohio-state-buckeyes-week-1,ball-state-cardinals,passing_attempts,27.000000
ball-state-cardinals-at-ohio-state-buckeyes-week-1,ball-state-cardinals,yards_per_pass,6.900000
ball-state-cardinals-at-ohio-state-buckeyes-week-1,ball-state-cardinals,passing_touchdowns,0.000000
ball-state-cardinals-at-ohio-state-buckeyes-week-1,ball-state-cardinals,total_passing_yards,186.000000
ball-state-cardinals-at-ohio-state-buckeyes-week-1,ball-state-cardinals,passing_completions,16.000000
boise-state-broncos-at-oregon-ducks-week-1,boise-state-broncos,seconds_of_possession,1472.000000
boise-state-broncos-at-oregon-ducks-week-1,boise-state-broncos,total_drives,11.000000
boise-state-broncos-at-oregon-ducks-week-1,boise-state-broncos,total_plays,53.000000
boise-state-broncos-at-oregon-ducks-week-1,boise-state-broncos,total_yards,342.000000
boise-state-broncos-at-oregon-ducks-week-1,boise-state-broncos,yards_per_play,6.500000
boise-state-broncos-at-oregon-ducks-week-1,boise-state-broncos,redzone_touchdowns,1.000000
boise-state-broncos-at-oregon-ducks-week-1,boise-state-broncos,redzone_attempts,1.000000
boise-state-broncos-at-oregon-ducks-week-1,boise-state-broncos,passing_attempts,32.000000
boise-state-broncos-at-oregon-ducks-week-1,boise-state-broncos,yards_per_pass,7.200000
boise-state-broncos-at-oregon-ducks-week-1,boise-state-broncos,passing_touchdowns,1.000000
boise-state-broncos-at-oregon-ducks-week-1,boise-state-broncos,total_passing_yards,232.000000
boise-state-broncos-at-oregon-ducks-week-1,boise-state-broncos,passing_completions,19.000000
boise-state-broncos-at-oregon-ducks-week-1,boise-state-broncos,total_rushing_yards,110.000000
boise-state-broncos-at-oregon-ducks-week-1,boise-state-broncos,rushing_attempts,21.000000
boise-state-broncos-at-oregon-ducks-week-1,boise-state-broncos,yards_per_rush,5.200000
boise-state-broncos-at-oregon-ducks-week-1,boise-state-broncos,rushing_touchdowns,2.000000
boise-state-broncos-at-oregon-ducks-week-1,boise-state-broncos,sacks,3.000000
boise-state-broncos-at-oregon-ducks-week-1,boise-state-broncos,tackles_for_loss,5.000000
boise-state-broncos-at-oregon-ducks-week-1,boise-state-broncos,pass_deflections,0.000000
boise-state-broncos-at-oregon-ducks-week-1,boise-state-broncos,fumbles_lost,0.000000
boise-state-broncos-at-oregon-ducks-week-1,boise-state-broncos,interceptions,1.000000
boise-state-broncos-at-oregon-ducks-week-1,boise-state-broncos,total_turnovers,1.000000
boise-state-broncos-at-oregon-ducks-week-1,boise-state-broncos,fumbles_lost,0.000000
boise-state-broncos-at-oregon-ducks-week-1,boise-state-broncos,interceptions,0.000000
boise-state-broncos-at-oregon-ducks-week-1,boise-state-broncos,total_turnovers,0.000000
boise-state-broncos-at-oregon-ducks-week-1,boise-state-broncos,yards_per_play,4.400000
boise-state-broncos-at-oregon-ducks-week-1,boise-state-broncos,redzone_touchdowns,4.000000
boise-state-broncos-at-oregon-ducks-week-1,boise-state-broncos,redzone_attempts,4.000000
boise-state-broncos-at-oregon-ducks-week-1,boise-state-broncos,seconds_of_possession,2128.000000
boise-state-broncos-at-oregon-ducks-week-1,boise-state-broncos,total_drives,11.000000
boise-state-broncos-at-oregon-ducks-week-1,boise-state-broncos,total_plays,72.000000
boise-state-broncos-at-oregon-ducks-week-1,boise-state-broncos,total_yards,317.000000
boise-state-broncos-at-oregon-ducks-week-1,boise-state-broncos,passing_completions,16.000000
boise-state-broncos-at-oregon-ducks-week-1,boise-state-broncos,passing_attempts,27.000000
boise-state-broncos-at-oregon-ducks-week-1,boise-state-broncos,yards_per_pass,6.900000
boise-state-broncos-at-oregon-ducks-week-1,boise-state-broncos,passing_touchdowns,0.000000
boise-state-broncos-at-oregon-ducks-week-1,boise-state-broncos,total_passing_yards,186.000000
boise-state-broncos-at-oregon-ducks-week-1,boise-state-broncos,total_rushing_yards,131.000000
boise-state-broncos-at-oregon-ducks-week-1,boise-state-broncos,rushing_attempts,45.000000
boise-state-broncos-at-oregon-ducks-week-1,boise-state-broncos,yards_per_rush,2.900000
boise-state-broncos-at-oregon-ducks-week-1,boise-state-broncos,rushing_touchdowns,2.000000
boise-state-broncos-at-oregon-ducks-week-1,boise-state-broncos,sacks,1.000000
boise-state-broncos-at-oregon-ducks-week-1,boise-state-broncos,tackles_for_loss,1.000000
boise-state-broncos-at-oregon-ducks-week-1,boise-state-broncos,pass_deflections,1.000000
marshall-thundering-herd-at-penn-state-nittany-lions-week-1,marshall-thundering-herd,total_turnovers,1.000000
marshall-thundering-herd-at-penn-state-nittany-lions-week-1,marshall-thundering-herd,fumbles_lost,0.000000
marshall-thundering-herd-at-penn-state-nittany-lions-week-1,marshall-thundering-herd,interceptions,1.000000
marshall-thundering-herd-at-penn-state-nittany-lions-week-1,marshall-thundering-herd,seconds_of_possession,1472.000000
marshall-thundering-herd-at-penn-state-nittany-lions-week-1,marshall-thundering-herd,total_drives,11.000000
marshall-thundering-herd-at-penn-state-nittany-lions-week-1,marshall-thundering-herd,total_plays,53.000000
marshall-thundering-herd-at-penn-state-nittany-lions-week-1,marshall-thundering-herd,total_yards,342.000000
marshall-thundering-herd-at-penn-state-nittany-lions-week-1,marshall-thundering-herd,yards_per_play,6.500000
marshall-thundering-herd-at-penn-state-nittany-lions-week-1,marshall-thundering-herd,redzone_touchdowns,1.000000
marshall-thundering-herd-at-penn-state-nittany-lions-week-1,marshall-thundering-herd,redzone_attempts,1.000000
marshall-thundering-herd-at-penn-state-nittany-lions-week-1,marshall-thundering-herd,total_passing_yards,232.000000
marshall-thundering-herd-at-penn-state-nittany-lions-week-1,marshall-thundering-herd,passing_completions,19.000000
marshall-thundering-herd-at-penn-state-nittany-lions-week-1,marshall-thundering-herd,passing_attempts,32.000000
marshall-thundering-herd-at-penn-state-nittany-lions-week-1,marshall-thundering-herd,yards_per_pass,7.200000
marshall-thundering-herd-at-penn-state-nittany-lions-week-1,marshall-thundering-herd,passing_touchdowns,1.000000
marshall-thundering-herd-at-penn-state-nittany-lions-week-1,marshall-thundering-herd,yards_per_rush,5.200000
marshall-thundering-herd-at-penn-state-nittany-lions-week-1,marshall-thundering-herd,rushing_touchdowns,2.000000
marshall-thundering-herd-at-penn-state-nittany-lions-week-1,marshall-thundering-herd,total_rushing_yards,110.000000
marshall-thundering-herd-at-penn-state-nittany-lions-week-1,marshall-thundering-herd,rushing_attempts,21.000000
marshall-thundering-herd-at-penn-state-nittany-lions-week-1,marshall-thundering-herd,sacks,3.000000
marshall-thundering-herd-at-penn-state-nittany-lions-week-1,marshall-thundering-herd,tackles_for_loss,5.000000
marshall-thundering-herd-at-penn-state-nittany-lions-week-1,marshall-thundering-herd,pass_deflections,0.000000
marshall-thundering-herd-at-penn-state-nittany-lions-week-1,marshall-thundering-herd,sacks,1.000000
marshall-thundering-herd-at-penn-state-nittany-lions-week-1,marshall-thundering-herd,tackles_for_loss,1.000000
marshall-thundering-herd-at-penn-state-nittany-lions-week-1,marshall-thundering-herd,pass_deflections,1.000000
marshall-thundering-herd-at-penn-state-nittany-lions-week-1,marshall-thundering-herd,total_turnovers,0.000000
marshall-thundering-herd-at-penn-state-nittany-lions-week-1,marshall-thundering-herd,fumbles_lost,0.000000
marshall-thundering-herd-at-penn-state-nittany-lions-week-1,marshall-thundering-herd,interceptions,0.000000
marshall-thundering-herd-at-penn-state-nittany-lions-week-1,marshall-thundering-herd,total_yards,317.000000
marshall-thundering-herd-at-penn-state-nittany-lions-week-1,marshall-thundering-herd,yards_per_play,4.400000
marshall-thundering-herd-at-penn-state-nittany-lions-week-1,marshall-thundering-herd,redzone_touchdowns,4.000000
marshall-thundering-herd-at-penn-state-nittany-lions-week-1,marshall-thundering-herd,redzone_attempts,4.000000
marshall-thundering-herd-at-penn-state-nittany-lions-week-1,marshall-thundering-herd,seconds_of_possession,2128.000000
marshall-thundering-herd-at-penn-state-nittany-lions-week-1,marshall-thundering-herd,total_drives,11.000000
marshall-thundering-herd-at-penn-state-nittany-lions-week-1,marshall-thundering-herd,total_plays,72.000000
marshall-thundering-herd-at-penn-state-nittany-lions-week-1,marshall-thundering-herd,total_passing_yards,186.000000
marshall-thundering-herd-at-penn-state-nittany-lions-week-1,marshall-thundering-herd,passing_completions,16.000000
marshall-thundering-herd-at-penn-state-nittany-lions-week-1,marshall-thundering-herd,passing_attempts,27.000000
marshall-thundering-herd-at-penn-state-nittany-lions-week-1,marshall-thundering-herd,yards_per_pass,6.900000
marshall-thundering-herd-at-penn-state-nittany-lions-week-1,marshall-thundering-herd,passing_touchdowns,0.000000
marshall-thundering-herd-at-penn-state-nittany-lions-week-1,marshall-thundering-herd,total_rushing_yards,131.000000
marshall-thundering-herd-at-penn-state-nittany-lions-week-1,marshall-thundering-herd,rushing_attempts,45.000000
marshall-thundering-herd-at-penn-state-nittany-lions-week-1,marshall-thundering-herd,yards_per_rush,2.900000
marshall-thundering-herd-at-penn-state-nittany-lions-week-1,marshall-thundering-herd,rushing_touchdowns,2.000000
indiana-state-sycamores-at-purdue-boilermakers-week-1,indiana-state-sycamores,total_plays,53.000000
indiana-state-sycamores-at-purdue-boilermakers-week-1,indiana-state-sycamores,total_yards,342.000000
indiana-state-sycamores-at-purdue-boilermakers-week-1,indiana-state-sycamores,yards_per_play,6.500000
indiana-state-sycamores-at-purdue-boilermakers-week-1,indiana-state-sycamores,redzone_touchdowns,1.000000
indiana-state-sycamores-at-purdue-boilermakers-week-1,indiana-state-sycamores,redzone_attempts,1.000000
indiana-state-sycamores-at-purdue-boilermakers-week-1,indiana-state-sycamores,seconds_of_possession,1472.000000
indiana-state-sycamores-at-purdue-boilermakers-week-1,indiana-state-sycamores,total_drives,11.000000
indiana-state-sycamores-at-purdue-boilermakers-week-1,indiana-state-sycamores,total_passing_yards,232.000000
indiana-state-sycamores-at-purdue-boilermakers-week-1,indiana-state-sycamores,passing_completions,19.000000
indiana-state-sycamores-at-purdue-boilermakers-week-1,indiana-state-sycamores,passing_attempts,32.000000
indiana-state-sycamores-at-purdue-boilermakers-week-1,indiana-state-sycamores,yards_per_pass,7.200000
indiana-state-sycamores-at-purdue-boilermakers-week-1,indiana-state-sycamores,passing_touchdowns,1.000000
indiana-state-sycamores-at-purdue-boilermakers-week-1,indiana-state-sycamores,total_rushing_yards,110.000000
indiana-state-sycamores-at-purdue-boilermakers-week-1,indiana-state-sycamores,rushing_attempts,21.000000
indiana-state-sycamores-at-purdue-boilermakers-week-1,indiana-state-sycamores,yards_per_rush,5.200000
indiana-state-sycamores-at-purdue-boilermakers-week-1,indiana-state-sycamores,rushing_touchdowns,2.000000
indiana-state-sycamores-at-purdue-boilermakers-week-1,indiana-state-sycamores,pass_deflections,0.000000
indiana-state-sycamores-at-purdue-boilermakers-week-1,indiana-state-sycamores,sacks,3.000000
indiana-state-sycamores-at-purdue-boilermakers-week-1,indiana-state-sycamores,tackles_for_loss,5.000000
indiana-state-sycamores-at-purdue-boilermakers-week-1,indiana-state-sycamores,total_turnovers,1.000000
indiana-state-sycamores-at-purdue-boilermakers-week-1,indiana-state-sycamores,fumbles_lost,0.000000
indiana-state-sycamores-at-purdue-boilermakers-week-1,indiana-state-sycamores,interceptions,1.000000
indiana-state-sycamores-at-purdue-boilermakers-week-1,indiana-state-sycamores,yards_per_play,4.400000
indiana-state-sycamores-at-purdue-boilermakers-week-1,indiana-state-sycamores,redzone_touchdowns,4.000000
indiana-state-sycamores-at-purdue-boilermakers-week-1,indiana-state-sycamores,redzone_attempts,4.000000
indiana-state-sycamores-at-purdue-boilermakers-week-1,indiana-state-sycamores,seconds_of_possession,2128.000000
indiana-state-sycamores-at-purdue-boilermakers-week-1,indiana-state-sycamores,total_drives,11.000000
indiana-state-sycamores-at-purdue-boilermakers-week-1,indiana-state-sycamores,total_plays,72.000000
indiana-state-sycamores-at-purdue-boilermakers-week-1,indiana-state-sycamores,total_yards,317.000000
indiana-state-sycamores-at-purdue-boilermakers-week-1,indiana-state-sycamores,total_passing_yards,186.000000
indiana-state-sycamores-at-purdue-boilermakers-week-1,indiana-state-sycamores,passing_completions,16.000000
indiana-state-sycamores-at-purdue-boilermakers-week-1,indiana-state-sycamores,passing_attempts,27.000000
indiana-state-sycamores-at-purdue-boilermakers-week-1,indiana-state-sycamores,yards_per_pass,6.900000
indiana-state-sycamores-at-purdue-boilermakers-week-1,indiana-state-sycamores,passing_touchdowns,0.000000
indiana-state-sycamores-at-purdue-boilermakers-week-1,indiana-state-sycamores,rushing_touchdowns,2.000000
indiana-state-sycamores-at-purdue-boilermakers-week-1,indiana-state-sycamores,total_rushing_yards,131.000000
indiana-state-sycamores-at-purdue-boilermakers-week-1,indiana-state-sycamores,rushing_attempts,45.000000
indiana-state-sycamores-at-purdue-boilermakers-week-1,indiana-state-sycamores,yards_per_rush,2.900000
indiana-state-sycamores-at-purdue-boilermakers-week-1,indiana-state-sycamores,tackles_for_loss,1.000000
indiana-state-sycamores-at-purdue-boilermakers-week-1,indiana-state-sycamores,pass_deflections,1.000000
indiana-state-sycamores-at-purdue-boilermakers-week-1,indiana-state-sycamores,sacks,1.000000
indiana-state-sycamores-at-purdue-boilermakers-week-1,indiana-state-sycamores,interceptions,0.000000
indiana-state-sycamores-at-purdue-boilermakers-week-1,indiana-state-sycamores,total_turnovers,0.000000
indiana-state-sycamores-at-purdue-boilermakers-week-1,indiana-state-sycamores,fumbles_lost,0.000000
fresno-state-bulldogs-at-usc-trojans-week-1,fresno-state-bulldogs,yards_per_play,6.500000
fresno-state-bulldogs-at-usc-trojans-week-1,fresno-state-bulldogs,redzone_touchdowns,1.000000
fresno-state-bulldogs-at-usc-trojans-week-1,fresno-state-bulldogs,redzone_attempts,1.000000
fresno-state-bulldogs-at-usc-trojans-week-1,fresno-state-bulldogs,seconds_of_possession,1472.000000
fresno-state-bulldogs-at-usc-trojans-week-1,fresno-state-bulldogs,total_drives,11.000000
fresno-state-bulldogs-at-usc-trojans-week-1,fresno-state-bulldogs,total_plays,53.000000
fresno-state-bulldogs-at-usc-trojans-week-1,fresno-state-bulldogs,total_yards,342.000000
fresno-state-bulldogs-at-usc-trojans-week-1,fresno-state-bulldogs,passing_touchdowns,1.000000
fresno-state-bulldogs-at-usc-trojans-week-1,fresno-state-bulldogs,total_passing_yards,232.000000
fresno-state-bulldogs-at-usc-trojans-week-1,fresno-state-bulldogs,passing_completions,19.000000
fresno-state-bulldogs-at-usc-trojans-week-1,fresno-state-bulldogs,passing_attempts,32.000000
fresno-state-bulldogs-at-usc-trojans-week-1,fresno-state-bulldogs,yards_per_pass,7.200000
fresno-state-bulldogs-at-usc-trojans-week-1,fresno-state-bulldogs,total_rushing_yards,110.000000
fresno-state-bulldogs-at-usc-trojans-week-1,fresno-state-bulldogs,rushing_attempts,21.000000
fresno-state-bulldogs-at-usc-trojans-week-1,fresno-state-bulldogs,yards_per_rush,5.200000
fresno-state-bulldogs-at-usc-trojans-week-1,fresno-state-bulldogs,rushing_touchdowns,2.000000
fresno-state-bulldogs-at-usc-trojans-week-1,fresno-state-bulldogs,sacks,3.000000
fresno-state-bulldogs-at-usc-trojans-week-1,fresno-state-bulldogs,tackles_for_loss,5.000000
fresno-state-bulldogs-at-usc-trojans-week-1,fresno-state-bulldogs,pass_deflections,0.000000
fresno-state-bulldogs-at-usc-trojans-week-1,fresno-state-bulldogs,total_turnovers,1.000000
fresno-state-bulldogs-at-usc-trojans-week-1,fresno-state-bulldogs,fumbles_lost,0.000000
fresno-state-bulldogs-at-usc-trojans-week-1,fresno-state-bulldogs,interceptions,1.000000
fresno-state-bulldogs-at-usc-trojans-week-1,fresno-state-bulldogs,yards_per_rush,2.900000
fresno-state-bulldogs-at-usc-trojans-week-1,fresno-state-bulldogs,rushing_touchdowns,2.000000
fresno-state-bulldogs-at-usc-trojans-week-1,fresno-state-bulldogs,total_rushing_yards,131.000000
fresno-state-bulldogs-at-usc-trojans-week-1,fresno-state-bulldogs,rushing_attempts,45.000000
fresno-state-bulldogs-at-usc-trojans-week-1,fresno-state-bulldogs,sacks,1.000000
fresno-state-bulldogs-at-usc-trojans-week-1,fresno-state-bulldogs,tackles_for_loss,1.000000
fresno-state-bulldogs-at-usc-trojans-week-1,fresno-state-bulldogs,pass_deflections,1.000000
fresno-state-bulldogs-at-usc-trojans-week-1,fresno-state-bulldogs,total_turnovers,0.000000
fresno-state-bulldogs-at-usc-trojans-week-1,fresno-state-bulldogs,fumbles_lost,0.000000
fresno-state-bulldogs-at-usc-trojans-week-1,fresno-state-bulldogs,interceptions,0.000000
fresno-state-bulldogs-at-usc-trojans-week-1,fresno-state-bulldogs,seconds_of_possession,2128.000000
fresno-state-bulldogs-at-usc-trojans-week-1,fresno-state-bulldogs,total_drives,11.000000
fresno-state-bulldogs-at-usc-trojans-week-1,fresno-state-bulldogs,total_plays,72.000000
fresno-state-bulldogs-at-usc-trojans-week-1,fresno-state-bulldogs,total_yards,317.000000
fresno-state-bulldogs-at-usc-trojans-week-1,fresno-state-bulldogs,yards_per_play,4.400000
fresno-state-bulldogs-at-usc-trojans-week-1,fresno-state-bulldogs,redzone_touchdowns,4.000000
fresno-state-bulldogs-at-usc-trojans-week-1,fresno-state-bulldogs,redzone_attempts,4.000000
fresno-state-bulldogs-at-usc-trojans-week-1,fresno-state-bulldogs,yards_per_pass,6.900000
fresno-state-bulldogs-at-usc-trojans-week-1,fresno-state-bulldogs,passing_touchdowns,0.000000
fresno-state-bulldogs-at-usc-trojans-week-1,fresno-state-bulldogs,total_passing_yards,186.000000
fresno-state-bulldogs-at-usc-trojans-week-1,fresno-state-bulldogs,passing_completions,16.000000
fresno-state-bulldogs-at-usc-trojans-week-1,fresno-state-bulldogs,passing_attempts,27.000000
washington-state-cougars-at-washington-huskies-week-1,washington-state-cougars,total_rushing_yards,110.000000
washington-state-cougars-at-washington-huskies-week-1,washington-state-cougars,rushing_attempts,21.000000
washington-state-cougars-at-washington-huskies-week-1,washington-state-cougars,yards_per_rush,5.200000
washington-state-cougars-at-washington-huskies-week-1,washington-state-cougars,rushing_touchdowns,2.000000
washington-state-cougars-at-washington-huskies-week-1,washington-state-cougars,sacks,3.000000
washington-state-cougars-at-washington-huskies-week-1,washington-state-cougars,tackles_for_loss,5.000000
washington-state-cougars-at-washington-huskies-week-1,washington-state-cougars,pass_deflections,0.000000
washington-state-cougars-at-washington-huskies-week-1,washington-state-cougars,total_turnovers,1.000000
washington-state-cougars-at-washington-huskies-week-1,washington-state-cougars,fumbles_lost,0.000000
washington-state-cougars-at-washington-huskies-week-1,washington-state-cougars,interceptions,1.000000
washington-state-cougars-at-washington-huskies-week-1,washington-state-cougars,redzone_touchdowns,1.000000
washington-state-cougars-at-washington-huskies-week-1,washington-state-cougars,redzone_attempts,1.000000
washington-state-cougars-at-washington-huskies-week-1,washington-state-cougars,seconds_of_possession,1472.000000
washington-state-cougars-at-washington-huskies-week-1,washington-state-cougars,total_drives,11.000000
washington-state-cougars-at-washington-huskies-week-1,washington-state-cougars,total_plays,53.000000
washington-state-cougars-at-washington-huskies-week-1,washington-state-cougars,total_yards,342.000000
washington-state-cougars-at-washington-huskies-week-1,washington-state-cougars,yards_per_play,6.500000
washington-state-cougars-at-washington-huskies-week-1,washington-state-cougars,passing_attempts,32.000000
washington-state-cougars-at-washington-huskies-week-1,washington-state-cougars,yards_per_pass,7.200000
washington-state-cougars-at-washington-huskies-week-1,washington-state-cougars,passing_touchdowns,1.000000
washington-state-cougars-at-washington-huskies-week-1,washington-state-cougars,total_passing_yards,232.000000
washington-state-cougars-at-washington-huskies-week-1,washington-state-cougars,passing_completions,19.000000
washington-state-cougars-at-washington-huskies-week-1,washington-state-cougars,sacks,1.000000
washington-state-cougars-at-washington-huskies-week-1,washington-state-cougars,tackles_for_loss,1.000000
washington-state-cougars-at-washington-huskies-week-1,washington-state-cougars,pass_deflections,1.000000
washington-state-cougars-at-washington-huskies-week-1,washington-state-cougars,total_turnovers,0.000000
washington-state-cougars-at-washington-huskies-week-1,washington-state-cougars,fumbles_lost,0.000000
washington-state-cougars-at-washington-huskies-week-1,washington-state-cougars,interceptions,0.000000
washington-state-cougars-at-washington-huskies-week-1,washington-state-cougars,seconds_of_possession,2128.000000
washington-state-cougars-at-washington-huskies-week-1,washington-state-cougars,total_drives,11.000000
washington-state-cougars-at-washington-huskies-week-1,washington-state-cougars,total_plays,72.000000
washington-state-cougars-at-washington-huskies-week-1,washington-state-cougars,total_yards,317.000000
washington-state-cougars-at-washington-huskies-week-1,washington-state-cougars,yards_per_play,4.400000
washington-state-cougars-at-washington-huskies-week-1,washington-state-cougars,redzone_touchdowns,4.000000
washington-state-cougars-at-washington-huskies-week-1,washington-state-cougars,redzone_attempts,4.000000
washington-state-cougars-at-washington-huskies-week-1,washington-state-cougars,total_passing_yards,186.000000
washington-state-cougars-at-washington-huskies-week-1,washington-state-cougars,passing_completions,16.000000
washington-state-cougars-at-washington-huskies-week-1,washington-state-cougars,passing_attempts,27.000000
washington-state-cougars-at-washington-huskies-week-1,washington-state-cougars,yards_per_pass,6.900000
washington-state-cougars-at-washington-huskies-week-1,washington-state-cougars,passing_touchdowns,0.000000
washington-state-cougars-at-washington-huskies-week-1,washington-state-cougars,rushing_attempts,45.000000
washington-state-cougars-at-washington-huskies-week-1,washington-state-cougars,yards_per_rush,2.900000
washington-state-cougars-at-washington-huskies-week-1,washington-state-cougars,rushing_touchdowns,2.000000
washington-state-cougars-at-washington-huskies-week-1,washington-state-cougars,total_rushing_yards,131.000000
wyoming-cowboys-at-colorado-state-rams-week-1,wyoming-cowboys,seconds_of_possession,1472.000000
wyoming-cowboys-at-colorado-state-rams-week-1,wyoming-cowboys,total_drives,11.000000
wyoming-cowboys-at-colorado-state-rams-week-1,wyoming-cowboys,total_plays,53.000000
wyoming-cowboys-at-colorado-state-rams-week-1,wyoming-cowboys,total_yards,342.000000
wyoming-cowboys-at-colorado-state-rams-week-1,wyoming-cowboys,yards_per_play,6.500000
wyoming-cowboys-at-colorado-state-rams-week-1,wyoming-cowboys,redzone_touchdowns,1.000000
wyoming-cowboys-at-colorado-state-rams-week-1,wyoming-cowboys,redzone_attempts,1.000000
wyoming-cowboys-at-colorado-state-rams-week-1,wyoming-cowboys,yards_per_pass,7.200000
wyoming-cowboys-at-colorado-state-rams-week-1,wyoming-cowboys,passing_touchdowns,1.000000
wyoming-cowboys-at-colorado-state-rams-week-1,wyoming-cowboys,total_passing_yards,232.000000
wyoming-cowboys-at-colorado-state-rams-week-1,wyoming-cowboys,passing_completions,19.000000
wyoming-cowboys-at-colorado-state-rams-week-1,wyoming-cowboys,passing_attempts,32.000000
wyoming-cowboys-at-colorado-state-rams-week-1,wyoming-cowboys,total_rushing_yards,110.000000
wyoming-cowboys-at-colorado-state-rams-week-1,wyoming-cowboys,rushing_attempts,21.000000
wyoming-cowboys-at-colorado-state-rams-week-1,wyoming-cowboys,yards_per_rush,5.200000
wyoming-cowboys-at-colorado-state-rams-week-1,wyoming-cowboys,rushing_touchdowns,2.000000
wyoming-cowboys-at-colorado-state-rams-week-1,wyoming-cowboys,sacks,3.000000
wyoming-cowboys-at-colorado-state-rams-week-1,wyoming-cowboys,tackles_for_loss,5.000000
wyoming-cowboys-at-colorado-state-rams-week-1,wyoming-cowboys,pass_deflections,0.000000
wyoming-cowboys-at-colorado-state-rams-week-1,wyoming-cowboys,total_turnovers,1.000000
wyoming-cowboys-at-colorado-state-rams-week-1,wyoming-cowboys,fumbles_lost,0.000000
wyoming-cowboys-at-colorado-state-rams-week-1,wyoming-cowboys,interceptions,1.000000
wyoming-cowboys-at-colorado-state-rams-week-1,wyoming-cowboys,seconds_of_possession,2128.000000
wyoming-cowboys-at-colorado-state-rams-week-1,wyoming-cowboys,total_drives,11.000000
wyoming-cowboys-at-colorado-state-rams-week-1,wyoming-cowboys,total_plays,72.000000
wyoming-cowboys-at-colorado-state-rams-week-1,wyoming-cowboys,total_yards,317.000000
wyoming-cowboys-at-colorado-state-rams-week-1,wyoming-cowboys,yards_per_play,4.400000
wyoming-cowboys-at-colorado-state-rams-week-1,wyoming-cowboys,redzone_touchdowns,4.000000
wyoming-cowboys-at-colorado-state-rams-week-1,wyoming-cowboys,redzone_attempts,4.000000
wyoming-cowboys-at-colorado-state-rams-week-1,wyoming-cowboys,total_passing_yards,186.000000
wyoming-cowboys-at-colorado-state-rams-week-1,wyoming-cowboys,passing_completions,16.000000
wyoming-cowboys-at-colorado-state-rams-week-1,wyoming-cowboys,passing_attempts,27.000000
wyoming-cowboys-at-colorado-state-rams-week-1,wyoming-cowboys,yards_per_pass,6.900000
wyoming-cowboys-at-colorado-state-rams-week-1,wyoming-cowboys,passing_touchdowns,0.000000
wyoming-cowboys-at-colorado-state-rams-week-1,wyoming-cowboys,rushing_touchdowns,2.000000
wyoming-cowboys-at-colorado-state-rams-week-1,wyoming-cowboys,total_rushing_yards,131.000000
wyoming-cowboys-at-colorado-state-rams-week-1,wyoming-cowboys,rushing_attempts,45.000000
wyoming-cowboys-at-colorado-state-rams-week-1,wyoming-cowboys,yards_per_rush,2.900000
wyoming-cowboys-at-colorado-state-rams-week-1,wyoming-cowboys,sacks,1.000000
wyoming-cowboys-at-colorado-state-rams-week-1,wyoming-cowboys,tackles_for_loss,1.000000
wyoming-cowboys-at-colorado-state-rams-week-1,wyoming-cowboys,pass_deflections,1.000000
wyoming-cowboys-at-colorado-state-rams-week-1,wyoming-cowboys,total_turnovers,0.000000
wyoming-cowboys-at-colorado-state-rams-week-1,wyoming-cowboys,fumbles_lost,0.000000
wyoming-cowboys-at-colorado-state-rams-week-1,wyoming-cowboys,interceptions,0.000000
portland-state-vikings-at-san-diego-state-aztecs-week-1,portland-state-vikings,yards_per_play,6.500000
portland-state-vikings-at-san-diego-state-aztecs-week-1,portland-state-vikings,redzone_touchdowns,1.000000
portland-state-vikings-at-san-diego-state-aztecs-week-1,portland-state-vikings,redzone_attempts,1.000000
portland-state-vikings-at-san-diego-state-aztecs-week-1,portland-state-vikings,seconds_of_possession,1472.000000
portland-state-vikings-at-san-diego-state-aztecs-week-1,portland-state-vikings,total_drives,11.000000
portland-state-vikings-at-san-diego-state-aztecs-week-1,portland-state-vikings,total_plays,53.000000
portland-state-vikings-at-san-diego-state-aztecs-week-1,portland-state-vikings,total_yards,342.000000
portland-state-vikings-at-san-diego-state-aztecs-week-1,portland-state-vikings,passing_completions,19.000000
portland-state-vikings-at-san-diego-state-aztecs-week-1,portland-state-vikings,passing_attempts,32.000000
portland-state-vikings-at-san-diego-state-aztecs-week-1,portland-state-vikings,yards_per_pass,7.200000
portland-state-vikings-at-san-diego-state-aztecs-week-1,portland-state-vikings,passing_touchdowns,1.000000
portland-state-vikings-at-san-diego-state-aztecs-week-1,portland-state-vikings,total_passing_yards,232.000000
portland-state-vikings-at-san-diego-state-aztecs-week-1,portland-state-vikings,total_rushing_yards,110.000000
portland-state-vikings-at-san-diego-state-aztecs-week-1,portland-state-vikings,rushing_attempts,21.000000
portland-state-vikings-at-san-diego-state-aztecs-week-1,portland-state-vikings,yards_per_rush,5.200000
portland-state-vikings-at-san-diego-state-aztecs-week-1,portland-state-vikings,rushing_touchdowns,2.000000
portland-state-vikings-at-san-diego-state-aztecs-week-1,portland-state-vikings,sacks,3.000000
portland-state-vikings-at-san-diego-state-aztecs-week-1,portland-state-vikings,tackles_for_loss,5.000000
portland-state-vikings-at-san-diego-state-aztecs-week-1,portland-state-vikings,pass_deflections,0.000000
portland-state-vikings-at-san-diego-state-aztecs-week-1,portland-state-vikings,total_turnovers,1.000000
portland-state-vikings-at-san-diego-state-aztecs-week-1,portland-state-vikings,fumbles_lost,0.000000
portland-state-vikings-at-san-diego-state-aztecs-week-1,portland-state-vikings,interceptions,1.000000
portland-state-vikings-at-san-diego-state-aztecs-week-1,portland-state-vikings,passing_touchdowns,0.000000
portland-state-vikings-at-san-diego-state-aztecs-week-1,portland-state-vikings,total_passing_yards,186.000000
portland-state-vikings-at-san-diego-state-aztecs-week-1,portland-state-vikings,passing_completions,16.000000
portland-state-vikings-at-san-diego-state-aztecs-week-1,portland-state-vikings,passing_attempts,27.000000
portland-state-vikings-at-san-diego-state-aztecs-week-1,portland-state-vikings,yards_per_pass,6.900000
portland-state-vikings-at-san-diego-state-aztecs-week-1,portland-state-vikings,rushing_touchdowns,2.000000
portland-state-vikings-at-san-diego-state-aztecs-week-1,portland-state-vikings,total_rushing_yards,131.000000
portland-state-vikings-at-san-diego-state-aztecs-week-1,portland-state-vikings,rushing_attempts,45.000000
portland-state-vikings-at-san-diego-state-aztecs-week-1,portland-state-vikings,yards_per_rush,2.900000
portland-state-vikings-at-san-diego-state-aztecs-week-1,portland-state-vikings,pass_deflections,1.000000
portland-state-vikings-at-san-diego-state-aztecs-week-1,portland-state-vikings,sacks,1.000000
portland-state-vikings-at-san-diego-state-aztecs-week-1,portland-state-vikings,tackles_for_loss,1.000000
portland-state-vikings-at-san-diego-state-aztecs-week-1,portland-state-vikings,total_turnovers,0.000000
portland-state-vikings-at-san-diego-state-aztecs-week-1,portland-state-vikings,fumbles_lost,0.000000
portland-state-vikings-at-san-diego-state-aztecs-week-1,portland-state-vikings,interceptions,0.000000
portland-state-vikings-at-san-diego-state-aztecs-week-1,portland-state-vikings,total_plays,72.000000
portland-state-vikings-at-san-diego-state-aztecs-week-1,portland-state-vikings,total_yards,317.000000
portland-state-vikings-at-san-diego-state-aztecs-week-1,portland-state-vikings,yards_per_play,4.400000
portland-state-vikings-at-san-diego-state-aztecs-week-1,portland-state-vikings,redzone_touchdowns,4.000000
portland-state-vikings-at-san-diego-state-aztecs-week-1,portland-state-vikings,redzone_attempts,4.000000
portland-state-vikings-at-san-diego-state-aztecs-week-1,portland-state-vikings,seconds_of_possession,2128.000000
portland-state-vikings-at-san-diego-state-aztecs-week-1,portland-state-vikings,total_drives,11.000000
idaho-state-bengals-at-utah-state-aggies-week-1,idaho-state-bengals,total_rushing_yards,110.000000
idaho-state-bengals-at-utah-state-aggies-week-1,idaho-state-bengals,rushing_attempts,21.000000
idaho-state-bengals-at-utah-state-aggies-week-1,idaho-state-bengals,yards_per_rush,5.200000
idaho-state-bengals-at-utah-state-aggies-week-1,idaho-state-bengals,rushing_touchdowns,2.000000
idaho-state-bengals-at-utah-state-aggies-week-1,idaho-state-bengals,tackles_for_loss,5.000000
idaho-state-bengals-at-utah-state-aggies-week-1,idaho-state-bengals,pass_deflections,0.000000
idaho-state-bengals-at-utah-state-aggies-week-1,idaho-state-bengals,sacks,3.000000
idaho-state-bengals-at-utah-state-aggies-week-1,idaho-state-bengals,total_turnovers,1.000000
idaho-state-bengals-at-utah-state-aggies-week-1,idaho-state-bengals,fumbles_lost,0.000000
idaho-state-bengals-at-utah-state-aggies-week-1,idaho-state-bengals,interceptions,1.000000
idaho-state-bengals-at-utah-state-aggies-week-1,idaho-state-bengals,total_yards,342.000000
idaho-state-bengals-at-utah-state-aggies-week-1,idaho-state-bengals,yards_per_play,6.500000
idaho-state-bengals-at-utah-state-aggies-week-1,idaho-state-bengals,redzone_touchdowns,1.000000
idaho-state-bengals-at-utah-state-aggies-week-1,idaho-state-bengals,redzone_attempts,1.000000
idaho-state-bengals-at-utah-state-aggies-week-1,idaho-state-bengals,seconds_of_possession,1472.000000
idaho-state-bengals-at-utah-state-aggies-week-1,idaho-state-bengals,total_drives,11.000000
idaho-state-bengals-at-utah-state-aggies-week-1,idaho-state-bengals,total_plays,53.000000
idaho-state-bengals-at-utah-state-aggies-week-1,idaho-state-bengals,total_passing_yards,232.000000
idaho-state-bengals-at-utah-state-aggies-week-1,idaho-state-bengals,passing_completions,19.000000
idaho-state-bengals-at-utah-state-aggies-week-1,idaho-state-bengals,passing_attempts,32.000000
idaho-state-bengals-at-utah-state-aggies-week-1,idaho-state-bengals,yards_per_pass,7.200000
idaho-state-bengals-at-utah-state-aggies-week-1,idaho-state-bengals,passing_touchdowns,1.000000
idaho-state-bengals-at-utah-state-aggies-week-1,idaho-state-bengals,total_passing_yards,186.000000
idaho-state-bengals-at-utah-state-aggies-week-1,idaho-state-bengals,passing_completions,16.000000
idaho-state-bengals-at-utah-state-aggies-week-1,idaho-state-bengals,passing_attempts,27.000000
idaho-state-bengals-at-utah-state-aggies-week-1,idaho-state-bengals,yards_per_pass,6.900000
idaho-state-bengals-at-utah-state-aggies-week-1,idaho-state-bengals,passing_touchdowns,0.000000
idaho-state-bengals-at-utah-state-aggies-week-1,idaho-state-bengals,total_rushing_yards,131.000000
idaho-state-bengals-at-utah-state-aggies-week-1,idaho-state-bengals,rushing_attempts,45.000000
idaho-state-bengals-at-utah-state-aggies-week-1,idaho-state-bengals,yards_per_rush,2.900000
idaho-state-bengals-at-utah-state-aggies-week-1,idaho-state-bengals,rushing_touchdowns,2.000000
idaho-state-bengals-at-utah-state-aggies-week-1,idaho-state-bengals,sacks,1.000000
idaho-state-bengals-at-utah-state-aggies-week-1,idaho-state-bengals,tackles_for_loss,1.000000
idaho-state-bengals-at-utah-state-aggies-week-1,idaho-state-bengals,pass_deflections,1.000000
idaho-state-bengals-at-utah-state-aggies-week-1,idaho-state-bengals,total_turnovers,0.000000
idaho-state-bengals-at-utah-state-aggies-week-1,idaho-state-bengals,fumbles_lost,0.000000
idaho-state-bengals-at-utah-state-aggies-week-1,idaho-state-bengals,interceptions,0.000000
idaho-state-bengals-at-utah-state-aggies-week-1,idaho-state-bengals,redzone_touchdowns,4.000000
idaho-state-bengals-at-utah-state-aggies-week-1,idaho-state-bengals,redzone_attempts,4.000000
idaho-state-bengals-at-utah-state-aggies-week-1,idaho-state-bengals,seconds_of_possession,2128.000000
idaho-state-bengals-at-utah-state-aggies-week-1,idaho-state-bengals,total_drives,11.000000
idaho-state-bengals-at-utah-state-aggies-week-1,idaho-state-bengals,total_plays,72.000000
idaho-state-bengals-at-utah-state-aggies-week-1,idaho-state-bengals,total_yards,317.000000
idaho-state-bengals-at-utah-state-aggies-week-1,idaho-state-bengals,yards_per_play,4.400000
lafayette-leopards-at-uconn-huskies-week-1,lafayette-leopards,total_plays,53.000000
lafayette-leopards-at-uconn-huskies-week-1,lafayette-leopards,total_yards,342.000000
lafayette-leopards-at-uconn-huskies-week-1,lafayette-leopards,yards_per_play,6.500000
lafayette-leopards-at-uconn-huskies-week-1,lafayette-leopards,redzone_touchdowns,1.000000
lafayette-leopards-at-uconn-huskies-week-1,lafayette-leopards,redzone_attempts,1.000000
lafayette-leopards-at-uconn-huskies-week-1,lafayette-leopards,seconds_of_possession,1472.000000
lafayette-leopards-at-uconn-huskies-week-1,lafayette-leopards,total_drives,11.000000
lafayette-leopards-at-uconn-huskies-week-1,lafayette-leopards,passing_touchdowns,1.000000
lafayette-leopards-at-uconn-huskies-week-1,lafayette-leopards,total_passing_yards,232.000000
lafayette-leopards-at-uconn-huskies-week-1,lafayette-leopards,passing_completions,19.000000
lafayette-leopards-at-uconn-huskies-week-1,lafayette-leopards,passing_attempts,32.000000
lafayette-leopards-at-uconn-huskies-week-1,lafayette-leopards,yards_per_pass,7.200000
lafayette-leopards-at-uconn-huskies-week-1,lafayette-leopards,total_rushing_yards,110.000000
lafayette-leopards-at-uconn-huskies-week-1,lafayette-leopards,rushing_attempts,21.000000
lafayette-leopards-at-uconn-huskies-week-1,lafayette-leopards,yards_per_rush,5.200000
lafayette-leopards-at-uconn-huskies-week-1,lafayette-leopards,rushing_touchdowns,2.000000
lafayette-leopards-at-uconn-huskies-week-1,lafayette-leopards,sacks,3.000000
lafayette-leopards-at-uconn-huskies-week-1,lafayette-leopards,tackles_for_loss,5.000000
lafayette-leopards-at-uconn-huskies-week-1,lafayette-leopards,pass_deflections,0.000000
lafayette-leopards-at-uconn-huskies-week-1,lafayette-leopards,total_turnovers,1.000000
lafayette-leopards-at-uconn-huskies-week-1,lafayette-leopards,fumbles_lost,0.000000
lafayette-leopards-at-uconn-huskies-week-1,lafayette-leopards,interceptions,1.000000
lafayette-leopards-at-uconn-huskies-week-1,lafayette-leopards,total_drives,11.000000
lafayette-leopards-at-uconn-huskies-week-1,lafayette-leopards,total_plays,72.000000
lafayette-leopards-at-uconn-huskies-week-1,lafayette-leopards,total_yards,317.000000
lafayette-leopards-at-uconn-huskies-week-1,lafayette-leopards,yards_per_play,4.400000
lafayette-leopards-at-uconn-huskies-week-1,lafayette-leopards,redzone_touchdowns,4.000000
lafayette-leopards-at-uconn-huskies-week-1,lafayette-leopards,redzone_attempts,4.000000
lafayette-leopards-at-uconn-huskies-week-1,lafayette-leopards,seconds_of_possession,2128.000000
lafayette-leopards-at-uconn-huskies-week-1,lafayette-leopards,passing_touchdowns,0.000000
lafayette-leopards-at-uconn-huskies-week-1,lafayette-leopards,total_passing_yards,186.000000
lafayette-leopards-at-uconn-huskies-week-1,lafayette-leopards,passing_completions,16.000000
lafayette-leopards-at-uconn-huskies-week-1,lafayette-leopards,passing_attempts,27.000000
lafayette-leopards-at-uconn-huskies-week-1,lafayette-leopards,yards_per_pass,6.900000
lafayette-leopards-at-uconn-huskies-week-1,lafayette-leopards,total_rushing_yards,131.000000
lafayette-leopards-at-uconn-huskies-week-1,lafayette-leopards,rushing_attempts,45.000000
lafayette-leopards-at-uconn-huskies-week-1,lafayette-leopards,yards_per_rush,2.900000
lafayette-leopards-at-uconn-huskies-week-1,lafayette-leopards,rushing_touchdowns,2.000000
lafayette-leopards-at-uconn-huskies-week-1,lafayette-leopards,sacks,1.000000
lafayette-leopards-at-uconn-huskies-week-1,lafayette-leopards,tackles_for_loss,1.000000
lafayette-leopards-at-uconn-huskies-week-1,lafayette-leopards,pass_deflections,1.000000
lafayette-leopards-at-uconn-huskies-week-1,lafayette-leopards,total_turnovers,0.000000
lafayette-leopards-at-uconn-huskies-week-1,lafayette-leopards,fumbles_lost,0.000000
lafayette-leopards-at-uconn-huskies-week-1,lafayette-leopards,interceptions,0.000000
notre-dame-fighting-irish-at-wisconsin-badgers-week-1,notre-dame-fighting-irish,passing_attempts,32.000000
notre-dame-fighting-irish-at-wisconsin-badgers-week-1,notre-dame-fighting-irish,yards_per_pass,7.200000
notre-dame-fighting-irish-at-wisconsin-badgers-week-1,notre-dame-fighting-irish,passing_touchdowns,1.000000
notre-dame-fighting-irish-at-wisconsin-badgers-week-1,notre-dame-fighting-irish,total_passing_yards,232.000000
notre-dame-fighting-irish-at-wisconsin-badgers-week-1,notre-dame-fighting-irish,passing_completions,19.000000
notre-dame-fighting-irish-at-wisconsin-badgers-week-1,notre-dame-fighting-irish,total_rushing_yards,110.000000
notre-dame-fighting-irish-at-wisconsin-badgers-week-1,notre-dame-fighting-irish,rushing_attempts,21.000000
notre-dame-fighting-irish-at-wisconsin-badgers-week-1,notre-dame-fighting-irish,yards_per_rush,5.200000
notre-dame-fighting-irish-at-wisconsin-badgers-week-1,notre-dame-fighting-irish,rushing_touchdowns,2.000000
notre-dame-fighting-irish-at-wisconsin-badgers-week-1,notre-dame-fighting-irish,sacks,3.000000
notre-dame-fighting-irish-at-wisconsin-badgers-week-1,notre-dame-fighting-irish,tackles_for_loss,5.000000
notre-dame-fighting-irish-at-wisconsin-badgers-week-1,notre-dame-fighting-irish,pass_deflections,0.000000
notre-dame-fighting-irish-at-wisconsin-badgers-week-1,notre-dame-fighting-irish,total_turnovers,1.000000
notre-dame-fighting-irish-at-wisconsin-badgers-week-1,notre-dame-fighting-irish,fumbles_lost,0.000000
notre-dame-fighting-irish-at-wisconsin-badgers-week-1,notre-dame-fighting-irish,interceptions,1.000000
notre-dame-fighting-irish-at-wisconsin-badgers-week-1,notre-dame-fighting-irish,total_yards,342.000000
notre-dame-fighting-irish-at-wisconsin-badgers-week-1,notre-dame-fighting-irish,yards_per_play,6.500000
notre-dame-fighting-irish-at-wisconsin-badgers-week-1,notre-dame-fighting-irish,redzone_touchdowns,1.000000
notre-dame-fighting-irish-at-wisconsin-badgers-week-1,notre-dame-fighting-irish,redzone_attempts,1.000000
notre-dame-fighting-irish-at-wisconsin-badgers-week-1,notre-dame-fighting-irish,seconds_of_possession,1472.000000
notre-dame-fighting-irish-at-wisconsin-badgers-week-1,notre-dame-fighting-irish,total_drives,11.000000
notre-dame-fighting-irish-at-wisconsin-badgers-week-1,notre-dame-fighting-irish,total_plays,53.000000
notre-dame-fighting-irish-at-wisconsin-badgers-week-1,notre-dame-fighting-irish,total_plays,72.000000
notre-dame-fighting-irish-at-wisconsin-badgers-week-1,notre-dame-fighting-irish,total_yards,317.000000
notre-dame-fighting-irish-at-wisconsin-badgers-week-1,notre-dame-fighting-irish,yards_per_play,4.400000
notre-dame-fighting-irish-at-wisconsin-badgers-week-1,notre-dame-fighting-irish,redzone_touchdowns,4.000000
notre-dame-fighting-irish-at-wisconsin-badgers-week-1,notre-dame-fighting-irish,redzone_attempts,4.000000
notre-dame-fighting-irish-at-wisconsin-badgers-week-1,notre-dame-fighting-irish,seconds_of_possession,2128.000000
notre-dame-fighting-irish-at-wisconsin-badgers-week-1,notre-dame-fighting-irish,total_drives,11.000000
notre-dame-fighting-irish-at-wisconsin-badgers-week-1,notre-dame-fighting-irish,total_passing_yards,186.000000
notre-dame-fighting-irish-at-wisconsin-badgers-week-1,notre-dame-fighting-irish,passing_completions,16.000000
notre-dame-fighting-irish-at-wisconsin-badgers-week-1,notre-dame-fighting-irish,passing_attempts,27.000000
notre-dame-fighting-irish-at-wisconsin-badgers-week-1,notre-dame-fighting-irish,yards_per_pass,6.900000
notre-dame-fighting-irish-at-wisconsin-badgers-week-1,notre-dame-fighting-irish,passing_touchdowns,0.000000
notre-dame-fighting-irish-at-wisconsin-badgers-week-1,notre-dame-fighting-irish,total_rushing_yards,131.000000
notre-dame-fighting-irish-at-wisconsin-badgers-week-1,notre-dame-fighting-irish,rushing_attempts,45.000000
notre-dame-fighting-irish-at-wisconsin-badgers-week-1,notre-dame-fighting-irish,yards_per_rush,2.900000
notre-dame-fighting-irish-at-wisconsin-badgers-week-1,notre-dame-fighting-irish,rushing_touchdowns,2.000000
notre-dame-fighting-irish-at-wisconsin-badgers-week-1,notre-dame-fighting-irish,sacks,1.000000
notre-dame-fighting-irish-at-wisconsin-badgers-week-1,notre-dame-fighting-irish,tackles_for_loss,1.000000
notre-dame-fighting-irish-at-wisconsin-badgers-week-1,notre-dame-fighting-irish,pass_deflections,1.000000
notre-dame-fighting-irish-at-wisconsin-badgers-week-1,notre-dame-fighting-irish,fumbles_lost,0.000000
notre-dame-fighting-irish-at-wisconsin-badgers-week-1,notre-dame-fighting-irish,interceptions,0.000000
notre-dame-fighting-irish-at-wisconsin-badgers-week-1,notre-dame-fighting-irish,total_turnovers,0.000000
smu-mustangs-at-florida-state-seminoles-week-1,smu-mustangs,total_yards,342.000000
smu-mustangs-at-florida-state-seminoles-week-1,smu-mustangs,yards_per_play,6.500000
smu-mustangs-at-florida-state-seminoles-week-1,smu-mustangs,redzone_touchdowns,1.000000
smu-mustangs-at-florida-state-seminoles-week-1,smu-mustangs,redzone_attempts,1.000000
smu-mustangs-at-florida-state-seminoles-week-1,smu-mustangs,seconds_of_possession,1472.000000
smu-mustangs-at-florida-state-seminoles-week-1,smu-mustangs,total_drives,11.000000
smu-mustangs-at-florida-state-seminoles-week-1,smu-mustangs,total_plays,53.000000
smu-mustangs-at-florida-state-seminoles-week-1,smu-mustangs,total_passing_yards,232.000000
smu-mustangs-at-florida-state-seminoles-week-1,smu-mustangs,passing_completions,19.000000
smu-mustangs-at-florida-state-seminoles-week-1,smu-mustangs,passing_attempts,32.000000
smu-mustangs-at-florida-state-seminoles-week-1,smu-mustangs,yards_per_pass,7.200000
smu-mustangs-at-florida-state-seminoles-week-1,smu-mustangs,passing_touchdowns,1.000000
smu-mustangs-at-florida-state-seminoles-week-1,smu-mustangs,rushing_attempts,21.000000
smu-mustangs-at-florida-state-seminoles-week-1,smu-mustangs,yards_per_rush,5.200000
smu-mustangs-at-florida-state-seminoles-week-1,smu-mustangs,rushing_touchdowns,2.000000
smu-mustangs-at-florida-state-seminoles-week-1,smu-mustangs,total_rushing_yards,110.000000
smu-mustangs-at-florida-state-seminoles-week-1,smu-mustangs,sacks,3.000000
smu-mustangs-at-florida-state-seminoles-week-1,smu-mustangs,tackles_for_loss,5.000000
smu-mustangs-at-florida-state-seminoles-week-1,smu-mustangs,pass_deflections,0.000000
smu-mustangs-at-florida-state-seminoles-week-1,smu-mustangs,total_turnovers,1.000000
smu-mustangs-at-florida-state-seminoles-week-1,smu-mustangs,fumbles_lost,0.000000
smu-mustangs-at-florida-state-seminoles-week-1,smu-mustangs,interceptions,1.000000
smu-mustangs-at-florida-state-seminoles-week-1,smu-mustangs,sacks,1.000000
smu-mustangs-at-florida-state-seminoles-week-1,smu-mustangs,tackles_for_loss,1.000000
smu-mustangs-at-florida-state-seminoles-week-1,smu-mustangs,pass_deflections,1.000000
smu-mustangs-at-florida-state-seminoles-week-1,smu-mustangs,total_turnovers,0.000000
smu-mustangs-at-florida-state-seminoles-week-1,smu-mustangs,fumbles_lost,0.000000
smu-mustangs-at-florida-state-seminoles-week-1,smu-mustangs,interceptions,0.000000
smu-mustangs-at-florida-state-seminoles-week-1,smu-mustangs,total_plays,72.000000
smu-mustangs-at-florida-state-seminoles-week-1,smu-mustangs,total_yards,317.000000
smu-mustangs-at-florida-state-seminoles-week-1,smu-mustangs,yards_per_play,4.400000
smu-mustangs-at-florida-state-seminoles-week-1,smu-mustangs,redzone_touchdowns,4.000000
smu-mustangs-at-florida-state-seminoles-week-1,smu-mustangs,redzone_attempts,4.000000
smu-mustangs-at-florida-state-seminoles-week-1,smu-mustangs,seconds_of_possession,2128.000000
smu-mustangs-at-florida-state-seminoles-week-1,smu-mustangs,total_drives,11.000000
smu-mustangs-at-florida-state-seminoles-week-1,smu-mustangs,passing_touchdowns,0.000000
smu-mustangs-at-florida-state-seminoles-week-1,smu-mustangs,total_passing_yards,186.000000
smu-mustangs-at-florida-state-seminoles-week-1,smu-mustangs,passing_completions,16.000000
smu-mustangs-at-florida-state-seminoles-week-1,smu-mustangs,passing_attempts,27.000000
smu-mustangs-at-florida-state-seminoles-week-1,smu-mustangs,yards_per_pass,6.900000
smu-mustangs-at-florida-state-seminoles-week-1,smu-mustangs,yards_per_rush,2.900000
smu-mustangs-at-florida-state-seminoles-week-1,smu-mustangs,rushing_touchdowns,2.000000
smu-mustangs-at-florida-state-seminoles-week-1,smu-mustangs,total_rushing_yards,131.000000
smu-mustangs-at-florida-state-seminoles-week-1,smu-mustangs,rushing_attempts,45.000000
